sample_id,time,label,ecg_lead
sample_001,0,ecg_class_negative,0.50205548
sample_001,1,ecg_class_negative,0.54216265
sample_001,2,ecg_class_negative,0.72238348
sample_001,3,ecg_class_negative,1.4288852
sample_001,4,ecg_class_negative,2.1365158
sample_001,5,ecg_class_negative,2.281149
sample_001,6,ecg_class_negative,1.9362737
sample_001,7,ecg_class_negative,1.46889
sample_001,8,ecg_class_negative,1.0088451
sample_001,9,ecg_class_negative,0.38028224
sample_001,10,ecg_class_negative,-0.29677967
sample_001,11,ecg_class_negative,-0.51392868
sample_001,12,ecg_class_negative,-0.25564469
sample_001,13,ecg_class_negative,-0.10720254
sample_001,14,ecg_class_negative,-0.28782655
sample_001,15,ecg_class_negative,-0.41800901
sample_001,16,ecg_class_negative,-0.31916313
sample_001,17,ecg_class_negative,-0.2603787
sample_001,18,ecg_class_negative,-0.35035721
sample_001,19,ecg_class_negative,-0.50548599
sample_001,20,ecg_class_negative,-0.71088709
sample_001,21,ecg_class_negative,-0.82391982
sample_001,22,ecg_class_negative,-0.89970154
sample_001,23,ecg_class_negative,-1.1539497
sample_001,24,ecg_class_negative,-1.2298306
sample_001,25,ecg_class_negative,-1.044091
sample_001,26,ecg_class_negative,-1.2020312
sample_001,27,ecg_class_negative,-1.3921949
sample_001,28,ecg_class_negative,-1.1301083
sample_001,29,ecg_class_negative,-1.1798666
sample_001,30,ecg_class_negative,-1.6492718
sample_001,31,ecg_class_negative,-1.7265754
sample_001,32,ecg_class_negative,-1.6083704
sample_001,33,ecg_class_negative,-1.6628022
sample_001,34,ecg_class_negative,-1.6506724
sample_001,35,ecg_class_negative,-1.6973094
sample_001,36,ecg_class_negative,-1.8386968
sample_001,37,ecg_class_negative,-1.8025962
sample_001,38,ecg_class_negative,-1.7805361
sample_001,39,ecg_class_negative,-1.8251665
sample_001,40,ecg_class_negative,-1.6447633
sample_001,41,ecg_class_negative,-1.4238097
sample_001,42,ecg_class_negative,-1.3921949
sample_001,43,ecg_class_negative,-1.3604156
sample_001,44,ecg_class_negative,-1.2001781
sample_001,45,ecg_class_negative,-0.91863234
sample_001,46,ecg_class_negative,-0.68591581
sample_001,47,ecg_class_negative,-0.66794346
sample_001,48,ecg_class_negative,-0.51272154
sample_001,49,ecg_class_negative,-0.10169069
sample_001,50,ecg_class_negative,0.063954259
sample_001,51,ecg_class_negative,0.082614311
sample_001,52,ecg_class_negative,0.23760718
sample_001,53,ecg_class_negative,0.17479318
sample_001,54,ecg_class_negative,0.12320539
sample_001,55,ecg_class_negative,0.5033942
sample_001,56,ecg_class_negative,0.6838702
sample_001,57,ecg_class_negative,0.47499476
sample_001,58,ecg_class_negative,0.53279711
sample_001,59,ecg_class_negative,0.72354995
sample_001,60,ecg_class_negative,0.6644198
sample_001,61,ecg_class_negative,0.64793559
sample_001,62,ecg_class_negative,0.75705403
sample_001,63,ecg_class_negative,0.7320716
sample_001,64,ecg_class_negative,0.62021499
sample_001,65,ecg_class_negative,0.60629677
sample_001,66,ecg_class_negative,0.67795016
sample_001,67,ecg_class_negative,0.68908363
sample_001,68,ecg_class_negative,0.59880728
sample_001,69,ecg_class_negative,0.54264656
sample_001,70,ecg_class_negative,0.58180737
sample_001,71,ecg_class_negative,0.63063068
sample_001,72,ecg_class_negative,0.6644198
sample_001,73,ecg_class_negative,0.6863178
sample_001,74,ecg_class_negative,0.65738251
sample_001,75,ecg_class_negative,0.65088944
sample_001,76,ecg_class_negative,0.72173837
sample_001,77,ecg_class_negative,0.73970645
sample_001,78,ecg_class_negative,0.69148052
sample_001,79,ecg_class_negative,0.69522947
sample_001,80,ecg_class_negative,0.7501145
sample_001,81,ecg_class_negative,0.85384485
sample_001,82,ecg_class_negative,0.91601888
sample_001,83,ecg_class_negative,0.82774969
sample_001,84,ecg_class_negative,0.88090557
sample_001,85,ecg_class_negative,1.0888307
sample_001,86,ecg_class_negative,0.93104294
sample_001,87,ecg_class_negative,0.61029836
sample_001,88,ecg_class_negative,0.63889427
sample_001,89,ecg_class_negative,0.68467857
sample_001,90,ecg_class_negative,0.58323764
sample_001,91,ecg_class_negative,0.64052167
sample_001,92,ecg_class_negative,0.70858515
sample_001,93,ecg_class_negative,0.70501088
sample_001,94,ecg_class_negative,0.71381545
sample_001,95,ecg_class_negative,0.43376464
sample_002,0,ecg_class_negative,0.31664616
sample_002,1,ecg_class_negative,0.24319908
sample_002,2,ecg_class_negative,0.37047144
sample_002,3,ecg_class_negative,1.0637381
sample_002,4,ecg_class_negative,1.6781871
sample_002,5,ecg_class_negative,1.7595575
sample_002,6,ecg_class_negative,1.6977172
sample_002,7,ecg_class_negative,1.612159
sample_002,8,ecg_class_negative,1.1681877
sample_002,9,ecg_class_negative,0.49995704
sample_002,10,ecg_class_negative,-0.022362533
sample_002,11,ecg_class_negative,-0.23531816
sample_002,12,ecg_class_negative,-0.11827251
sample_002,13,ecg_class_negative,-0.071027356
sample_002,14,ecg_class_negative,-0.32298644
sample_002,15,ecg_class_negative,-0.43356208
sample_002,16,ecg_class_negative,-0.31865971
sample_002,17,ecg_class_negative,-0.29565486
sample_002,18,ecg_class_negative,-0.41773284
sample_002,19,ecg_class_negative,-0.68247969
sample_002,20,ecg_class_negative,-0.88183977
sample_002,21,ecg_class_negative,-0.84332048
sample_002,22,ecg_class_negative,-0.88365177
sample_002,23,ecg_class_negative,-1.0300185
sample_002,24,ecg_class_negative,-1.0552655
sample_002,25,ecg_class_negative,-1.1686368
sample_002,26,ecg_class_negative,-1.3639905
sample_002,27,ecg_class_negative,-1.3376111
sample_002,28,ecg_class_negative,-1.2612936
sample_002,29,ecg_class_negative,-1.4097822
sample_002,30,ecg_class_negative,-1.6345041
sample_002,31,ecg_class_negative,-1.7032377
sample_002,32,ecg_class_negative,-1.6770249
sample_002,33,ecg_class_negative,-1.7826278
sample_002,34,ecg_class_negative,-1.9968716
sample_002,35,ecg_class_negative,-2.0563716
sample_002,36,ecg_class_negative,-1.9378809
sample_002,37,ecg_class_negative,-1.8794116
sample_002,38,ecg_class_negative,-1.9154266
sample_002,39,ecg_class_negative,-1.8455069
sample_002,40,ecg_class_negative,-1.658135
sample_002,41,ecg_class_negative,-1.5094832
sample_002,42,ecg_class_negative,-1.3934261
sample_002,43,ecg_class_negative,-1.2328683
sample_002,44,ecg_class_negative,-1.0243483
sample_002,45,ecg_class_negative,-0.76864001
sample_002,46,ecg_class_negative,-0.51129373
sample_002,47,ecg_class_negative,-0.30956399
sample_002,48,ecg_class_negative,-0.13196163
sample_002,49,ecg_class_negative,0.035054082
sample_002,50,ecg_class_negative,0.14215881
sample_002,51,ecg_class_negative,0.22580665
sample_002,52,ecg_class_negative,0.34369036
sample_002,53,ecg_class_negative,0.42858907
sample_002,54,ecg_class_negative,0.4695677
sample_002,55,ecg_class_negative,0.56978192
sample_002,56,ecg_class_negative,0.67566632
sample_002,57,ecg_class_negative,0.69988535
sample_002,58,ecg_class_negative,0.73256075
sample_002,59,ecg_class_negative,0.7716652
sample_002,60,ecg_class_negative,0.73812943
sample_002,61,ecg_class_negative,0.7236995
sample_002,62,ecg_class_negative,0.80687593
sample_002,63,ecg_class_negative,0.87898449
sample_002,64,ecg_class_negative,0.85579127
sample_002,65,ecg_class_negative,0.80638433
sample_002,66,ecg_class_negative,0.79250094
sample_002,67,ecg_class_negative,0.80381413
sample_002,68,ecg_class_negative,0.78193839
sample_002,69,ecg_class_negative,0.70043908
sample_002,70,ecg_class_negative,0.73595994
sample_002,71,ecg_class_negative,0.86416166
sample_002,72,ecg_class_negative,0.70766984
sample_002,73,ecg_class_negative,0.45875614
sample_002,74,ecg_class_negative,0.60014556
sample_002,75,ecg_class_negative,0.82513646
sample_002,76,ecg_class_negative,0.80003425
sample_002,77,ecg_class_negative,0.76282112
sample_002,78,ecg_class_negative,0.75544283
sample_002,79,ecg_class_negative,0.65376588
sample_002,80,ecg_class_negative,0.52644092
sample_002,81,ecg_class_negative,0.47733909
sample_002,82,ecg_class_negative,0.57494596
sample_002,83,ecg_class_negative,0.69842456
sample_002,84,ecg_class_negative,0.72241431
sample_002,85,ecg_class_negative,0.77159793
sample_002,86,ecg_class_negative,0.76422904
sample_002,87,ecg_class_negative,0.61062146
sample_002,88,ecg_class_negative,0.55290034
sample_002,89,ecg_class_negative,0.56678608
sample_002,90,ecg_class_negative,0.60400236
sample_002,91,ecg_class_negative,0.77706781
sample_002,92,ecg_class_negative,0.81234542
sample_002,93,ecg_class_negative,0.74884814
sample_002,94,ecg_class_negative,0.81804204
sample_002,95,ecg_class_negative,0.53934704
sample_003,0,ecg_class_negative,1.1688741
sample_003,1,ecg_class_negative,2.0759008
sample_003,2,ecg_class_negative,1.7601405
sample_003,3,ecg_class_negative,1.6064459
sample_003,4,ecg_class_negative,1.9490456
sample_003,5,ecg_class_negative,1.3028421
sample_003,6,ecg_class_negative,0.45933154
sample_003,7,ecg_class_negative,0.51641212
sample_003,8,ecg_class_negative,0.85217953
sample_003,9,ecg_class_negative,0.98922717
sample_003,10,ecg_class_negative,0.82125349
sample_003,11,ecg_class_negative,0.57644764
sample_003,12,ecg_class_negative,0.74308944
sample_003,13,ecg_class_negative,0.8529702
sample_003,14,ecg_class_negative,0.30745835
sample_003,15,ecg_class_negative,-0.13039065
sample_003,16,ecg_class_negative,-0.062199969
sample_003,17,ecg_class_negative,-0.10072696
sample_003,18,ecg_class_negative,-0.23281819
sample_003,19,ecg_class_negative,-0.23446477
sample_003,20,ecg_class_negative,-0.21475573
sample_003,21,ecg_class_negative,-0.23041257
sample_003,22,ecg_class_negative,-0.22755149
sample_003,23,ecg_class_negative,-0.23100238
sample_003,24,ecg_class_negative,-0.46347873
sample_003,25,ecg_class_negative,-0.72421462
sample_003,26,ecg_class_negative,-0.78788488
sample_003,27,ecg_class_negative,-0.98668657
sample_003,28,ecg_class_negative,-1.224672
sample_003,29,ecg_class_negative,-1.2881418
sample_003,30,ecg_class_negative,-1.3641481
sample_003,31,ecg_class_negative,-1.4282213
sample_003,32,ecg_class_negative,-1.5017669
sample_003,33,ecg_class_negative,-1.6480837
sample_003,34,ecg_class_negative,-1.7058362
sample_003,35,ecg_class_negative,-1.6867905
sample_003,36,ecg_class_negative,-1.7057193
sample_003,37,ecg_class_negative,-1.7776833
sample_003,38,ecg_class_negative,-1.8693132
sample_003,39,ecg_class_negative,-1.8583761
sample_003,40,ecg_class_negative,-1.7377167
sample_003,41,ecg_class_negative,-1.7291486
sample_003,42,ecg_class_negative,-1.7281054
sample_003,43,ecg_class_negative,-1.5460373
sample_003,44,ecg_class_negative,-1.4591025
sample_003,45,ecg_class_negative,-1.4107518
sample_003,46,ecg_class_negative,-1.1634273
sample_003,47,ecg_class_negative,-0.90741874
sample_003,48,ecg_class_negative,-0.71621062
sample_003,49,ecg_class_negative,-0.58176337
sample_003,50,ecg_class_negative,-0.44252605
sample_003,51,ecg_class_negative,-0.20704617
sample_003,52,ecg_class_negative,-0.026462658
sample_003,53,ecg_class_negative,0.11703627
sample_003,54,ecg_class_negative,0.22063662
sample_003,55,ecg_class_negative,0.26431516
sample_003,56,ecg_class_negative,0.40505498
sample_003,57,ecg_class_negative,0.46497434
sample_003,58,ecg_class_negative,0.43416264
sample_003,59,ecg_class_negative,0.4868072
sample_003,60,ecg_class_negative,0.43938773
sample_003,61,ecg_class_negative,0.36961087
sample_003,62,ecg_class_negative,0.41314866
sample_003,63,ecg_class_negative,0.3978947
sample_003,64,ecg_class_negative,0.31876371
sample_003,65,ecg_class_negative,0.26371736
sample_003,66,ecg_class_negative,0.28886308
sample_003,67,ecg_class_negative,0.35824403
sample_003,68,ecg_class_negative,0.32673714
sample_003,69,ecg_class_negative,0.22921539
sample_003,70,ecg_class_negative,0.20441776
sample_003,71,ecg_class_negative,0.24438588
sample_003,72,ecg_class_negative,0.26263199
sample_003,73,ecg_class_negative,0.24388475
sample_003,74,ecg_class_negative,0.22750228
sample_003,75,ecg_class_negative,0.24578495
sample_003,76,ecg_class_negative,0.23295916
sample_003,77,ecg_class_negative,0.16461077
sample_003,78,ecg_class_negative,0.17153767
sample_003,79,ecg_class_negative,0.16669037
sample_003,80,ecg_class_negative,0.099141394
sample_003,81,ecg_class_negative,0.14693663
sample_003,82,ecg_class_negative,0.13341444
sample_003,83,ecg_class_negative,0.12529443
sample_003,84,ecg_class_negative,0.20271343
sample_003,85,ecg_class_negative,0.18640913
sample_003,86,ecg_class_negative,0.41900645
sample_003,87,ecg_class_negative,0.72388755
sample_003,88,ecg_class_negative,1.3239469
sample_003,89,ecg_class_negative,2.1364876
sample_003,90,ecg_class_negative,1.7465965
sample_003,91,ecg_class_negative,1.4702205
sample_003,92,ecg_class_negative,1.8935123
sample_003,93,ecg_class_negative,1.2569493
sample_003,94,ecg_class_negative,0.80040658
sample_003,95,ecg_class_negative,0.73153981
sample_004,0,ecg_class_negative,1.2050062
sample_004,1,ecg_class_negative,2.0318554
sample_004,2,ecg_class_negative,2.4472937
sample_004,3,ecg_class_negative,2.7394479
sample_004,4,ecg_class_negative,2.7458899
sample_004,5,ecg_class_negative,2.2763553
sample_004,6,ecg_class_negative,1.5253659
sample_004,7,ecg_class_negative,0.76059655
sample_004,8,ecg_class_negative,0.18844767
sample_004,9,ecg_class_negative,-0.029051462
sample_004,10,ecg_class_negative,-0.049523678
sample_004,11,ecg_class_negative,-0.20996418
sample_004,12,ecg_class_negative,-0.37415034
sample_004,13,ecg_class_negative,-0.24863758
sample_004,14,ecg_class_negative,-0.095016682
sample_004,15,ecg_class_negative,-0.099479162
sample_004,16,ecg_class_negative,-0.12141585
sample_004,17,ecg_class_negative,-0.35854858
sample_004,18,ecg_class_negative,-0.73913476
sample_004,19,ecg_class_negative,-0.78765165
sample_004,20,ecg_class_negative,-0.70894109
sample_004,21,ecg_class_negative,-0.75975595
sample_004,22,ecg_class_negative,-0.74105769
sample_004,23,ecg_class_negative,-0.88170685
sample_004,24,ecg_class_negative,-1.018906
sample_004,25,ecg_class_negative,-0.58138267
sample_004,26,ecg_class_negative,-0.35899328
sample_004,27,ecg_class_negative,-0.92421814
sample_004,28,ecg_class_negative,-1.0948085
sample_004,29,ecg_class_negative,-0.66136445
sample_004,30,ecg_class_negative,-0.78512404
sample_004,31,ecg_class_negative,-1.2881566
sample_004,32,ecg_class_negative,-1.3345034
sample_004,33,ecg_class_negative,-1.267791
sample_004,34,ecg_class_negative,-1.5021425
sample_004,35,ecg_class_negative,-1.6399716
sample_004,36,ecg_class_negative,-1.5339625
sample_004,37,ecg_class_negative,-1.566857
sample_004,38,ecg_class_negative,-1.7309945
sample_004,39,ecg_class_negative,-1.7196664
sample_004,40,ecg_class_negative,-1.6684945
sample_004,41,ecg_class_negative,-1.7355071
sample_004,42,ecg_class_negative,-1.6472869
sample_004,43,ecg_class_negative,-1.3875588
sample_004,44,ecg_class_negative,-1.3096055
sample_004,45,ecg_class_negative,-1.3196536
sample_004,46,ecg_class_negative,-1.1003919
sample_004,47,ecg_class_negative,-0.90045831
sample_004,48,ecg_class_negative,-0.93434224
sample_004,49,ecg_class_negative,-0.76519269
sample_004,50,ecg_class_negative,-0.31750385
sample_004,51,ecg_class_negative,-0.12712004
sample_004,52,ecg_class_negative,-0.12393914
sample_004,53,ecg_class_negative,0.094417909
sample_004,54,ecg_class_negative,0.28842606
sample_004,55,ecg_class_negative,0.26134707
sample_004,56,ecg_class_negative,0.28973234
sample_004,57,ecg_class_negative,0.40727778
sample_004,58,ecg_class_negative,0.43663741
sample_004,59,ecg_class_negative,0.44930812
sample_004,60,ecg_class_negative,0.57086672
sample_004,61,ecg_class_negative,0.71117799
sample_004,62,ecg_class_negative,0.67270791
sample_004,63,ecg_class_negative,0.50102225
sample_004,64,ecg_class_negative,0.50474276
sample_004,65,ecg_class_negative,0.6440953
sample_004,66,ecg_class_negative,0.5693421
sample_004,67,ecg_class_negative,0.40637792
sample_004,68,ecg_class_negative,0.45022584
sample_004,69,ecg_class_negative,0.51752375
sample_004,70,ecg_class_negative,0.50276501
sample_004,71,ecg_class_negative,0.57193338
sample_004,72,ecg_class_negative,0.63469281
sample_004,73,ecg_class_negative,0.6493091
sample_004,74,ecg_class_negative,0.70308117
sample_004,75,ecg_class_negative,0.58769289
sample_004,76,ecg_class_negative,0.355199
sample_004,77,ecg_class_negative,0.39096336
sample_004,78,ecg_class_negative,0.55882641
sample_004,79,ecg_class_negative,0.6110082
sample_004,80,ecg_class_negative,0.69257515
sample_004,81,ecg_class_negative,0.79444623
sample_004,82,ecg_class_negative,0.89688657
sample_004,83,ecg_class_negative,1.0514822
sample_004,84,ecg_class_negative,0.9391156
sample_004,85,ecg_class_negative,0.5557415
sample_004,86,ecg_class_negative,0.44731137
sample_004,87,ecg_class_negative,0.5646415
sample_004,88,ecg_class_negative,0.48760026
sample_004,89,ecg_class_negative,0.42100331
sample_004,90,ecg_class_negative,0.54976604
sample_004,91,ecg_class_negative,0.5054632
sample_004,92,ecg_class_negative,0.28184434
sample_004,93,ecg_class_negative,0.34683145
sample_004,94,ecg_class_negative,0.52637517
sample_004,95,ecg_class_negative,0.22788969
sample_005,0,ecg_class_negative,0.59824137
sample_005,1,ecg_class_negative,1.0987288
sample_005,2,ecg_class_negative,1.6835287
sample_005,3,ecg_class_negative,2.4789134
sample_005,4,ecg_class_negative,2.8024127
sample_005,5,ecg_class_negative,2.438696
sample_005,6,ecg_class_negative,1.7176569
sample_005,7,ecg_class_negative,1.0093086
sample_005,8,ecg_class_negative,0.25735084
sample_005,9,ecg_class_negative,-0.22155853
sample_005,10,ecg_class_negative,-0.13558175
sample_005,11,ecg_class_negative,-0.1912687
sample_005,12,ecg_class_negative,-0.30697176
sample_005,13,ecg_class_negative,-0.16764052
sample_005,14,ecg_class_negative,-0.098005103
sample_005,15,ecg_class_negative,-0.056259596
sample_005,16,ecg_class_negative,-0.3234
sample_005,17,ecg_class_negative,-0.6301811
sample_005,18,ecg_class_negative,-0.56971894
sample_005,19,ecg_class_negative,-0.70940747
sample_005,20,ecg_class_negative,-0.75032305
sample_005,21,ecg_class_negative,-0.67332704
sample_005,22,ecg_class_negative,-0.98010141
sample_005,23,ecg_class_negative,-1.2071136
sample_005,24,ecg_class_negative,-1.1813802
sample_005,25,ecg_class_negative,-1.0263965
sample_005,26,ecg_class_negative,-1.2994876
sample_005,27,ecg_class_negative,-1.9288823
sample_005,28,ecg_class_negative,-1.9076361
sample_005,29,ecg_class_negative,-1.8688252
sample_005,30,ecg_class_negative,-1.9906124
sample_005,31,ecg_class_negative,-2.0116357
sample_005,32,ecg_class_negative,-2.4026522
sample_005,33,ecg_class_negative,-2.1440318
sample_005,34,ecg_class_negative,-1.6618146
sample_005,35,ecg_class_negative,-1.9393573
sample_005,36,ecg_class_negative,-1.8722725
sample_005,37,ecg_class_negative,-1.5546911
sample_005,38,ecg_class_negative,-1.3011939
sample_005,39,ecg_class_negative,-1.0164506
sample_005,40,ecg_class_negative,-0.97927654
sample_005,41,ecg_class_negative,-0.70625453
sample_005,42,ecg_class_negative,-0.30337161
sample_005,43,ecg_class_negative,-0.012646325
sample_005,44,ecg_class_negative,0.169673
sample_005,45,ecg_class_negative,0.091329657
sample_005,46,ecg_class_negative,0.25028041
sample_005,47,ecg_class_negative,0.38726526
sample_005,48,ecg_class_negative,0.25792917
sample_005,49,ecg_class_negative,0.42929196
sample_005,50,ecg_class_negative,0.51751195
sample_005,51,ecg_class_negative,0.40467528
sample_005,52,ecg_class_negative,0.51198192
sample_005,53,ecg_class_negative,0.57732858
sample_005,54,ecg_class_negative,0.52189259
sample_005,55,ecg_class_negative,0.55256222
sample_005,56,ecg_class_negative,0.60213932
sample_005,57,ecg_class_negative,0.54817524
sample_005,58,ecg_class_negative,0.41385248
sample_005,59,ecg_class_negative,0.37404084
sample_005,60,ecg_class_negative,0.51866444
sample_005,61,ecg_class_negative,0.55101816
sample_005,62,ecg_class_negative,0.41477723
sample_005,63,ecg_class_negative,0.48080068
sample_005,64,ecg_class_negative,0.59543525
sample_005,65,ecg_class_negative,0.56873712
sample_005,66,ecg_class_negative,0.72196906
sample_005,67,ecg_class_negative,0.84312816
sample_005,68,ecg_class_negative,0.6168265
sample_005,69,ecg_class_negative,0.60801778
sample_005,70,ecg_class_negative,0.77629989
sample_005,71,ecg_class_negative,0.61682123
sample_005,72,ecg_class_negative,0.59952044
sample_005,73,ecg_class_negative,0.68892604
sample_005,74,ecg_class_negative,0.5307274
sample_005,75,ecg_class_negative,0.54462062
sample_005,76,ecg_class_negative,0.65981978
sample_005,77,ecg_class_negative,0.56485534
sample_005,78,ecg_class_negative,0.47263422
sample_005,79,ecg_class_negative,0.45420433
sample_005,80,ecg_class_negative,0.40649302
sample_005,81,ecg_class_negative,0.31572594
sample_005,82,ecg_class_negative,0.15547546
sample_005,83,ecg_class_negative,0.15012374
sample_005,84,ecg_class_negative,0.35439193
sample_005,85,ecg_class_negative,0.37869259
sample_005,86,ecg_class_negative,0.39462999
sample_005,87,ecg_class_negative,0.5257822
sample_005,88,ecg_class_negative,0.279348
sample_005,89,ecg_class_negative,-0.069657784
sample_005,90,ecg_class_negative,0.027543961
sample_005,91,ecg_class_negative,0.15302475
sample_005,92,ecg_class_negative,0.042231911
sample_005,93,ecg_class_negative,0.13426885
sample_005,94,ecg_class_negative,0.29615038
sample_005,95,ecg_class_negative,0.06293182
sample_006,0,ecg_class_negative,0.50112303
sample_006,1,ecg_class_negative,0.72913063
sample_006,2,ecg_class_negative,0.83374023
sample_006,3,ecg_class_negative,1.2557705
sample_006,4,ecg_class_negative,2.0013616
sample_006,5,ecg_class_negative,2.5040332
sample_006,6,ecg_class_negative,2.4541953
sample_006,7,ecg_class_negative,2.2203273
sample_006,8,ecg_class_negative,2.1224353
sample_006,9,ecg_class_negative,1.9165236
sample_006,10,ecg_class_negative,1.3821329
sample_006,11,ecg_class_negative,0.73544948
sample_006,12,ecg_class_negative,0.22085538
sample_006,13,ecg_class_negative,-0.04881732
sample_006,14,ecg_class_negative,0.058893288
sample_006,15,ecg_class_negative,0.37064182
sample_006,16,ecg_class_negative,0.35392528
sample_006,17,ecg_class_negative,-0.056939609
sample_006,18,ecg_class_negative,-0.27014949
sample_006,19,ecg_class_negative,-0.030288404
sample_006,20,ecg_class_negative,0.18392629
sample_006,21,ecg_class_negative,0.034146417
sample_006,22,ecg_class_negative,-0.18551869
sample_006,23,ecg_class_negative,-0.1769411
sample_006,24,ecg_class_negative,-0.14088564
sample_006,25,ecg_class_negative,-0.33827446
sample_006,26,ecg_class_negative,-0.56327929
sample_006,27,ecg_class_negative,-0.53183852
sample_006,28,ecg_class_negative,-0.39902793
sample_006,29,ecg_class_negative,-0.47085456
sample_006,30,ecg_class_negative,-0.69888015
sample_006,31,ecg_class_negative,-0.86421976
sample_006,32,ecg_class_negative,-0.92543852
sample_006,33,ecg_class_negative,-0.92040642
sample_006,34,ecg_class_negative,-0.88177787
sample_006,35,ecg_class_negative,-0.94323662
sample_006,36,ecg_class_negative,-1.2015819
sample_006,37,ecg_class_negative,-1.4695271
sample_006,38,ecg_class_negative,-1.496398
sample_006,39,ecg_class_negative,-1.4124957
sample_006,40,ecg_class_negative,-1.56781
sample_006,41,ecg_class_negative,-1.9120904
sample_006,42,ecg_class_negative,-1.9972442
sample_006,43,ecg_class_negative,-1.7388993
sample_006,44,ecg_class_negative,-1.5818148
sample_006,45,ecg_class_negative,-1.716598
sample_006,46,ecg_class_negative,-1.7979588
sample_006,47,ecg_class_negative,-1.6296142
sample_006,48,ecg_class_negative,-1.4509832
sample_006,49,ecg_class_negative,-1.4278371
sample_006,50,ecg_class_negative,-1.4234267
sample_006,51,ecg_class_negative,-1.3124234
sample_006,52,ecg_class_negative,-1.1325473
sample_006,53,ecg_class_negative,-0.92964111
sample_006,54,ecg_class_negative,-0.71796579
sample_006,55,ecg_class_negative,-0.53865342
sample_006,56,ecg_class_negative,-0.41701616
sample_006,57,ecg_class_negative,-0.29451916
sample_006,58,ecg_class_negative,-0.13417765
sample_006,59,ecg_class_negative,-0.029799267
sample_006,60,ecg_class_negative,-0.047161714
sample_006,61,ecg_class_negative,-0.059706364
sample_006,62,ecg_class_negative,0.087574776
sample_006,63,ecg_class_negative,0.29597052
sample_006,64,ecg_class_negative,0.35727159
sample_006,65,ecg_class_negative,0.30529841
sample_006,66,ecg_class_negative,0.3596797
sample_006,67,ecg_class_negative,0.53631147
sample_006,68,ecg_class_negative,0.60598555
sample_006,69,ecg_class_negative,0.52141357
sample_006,70,ecg_class_negative,0.49248463
sample_006,71,ecg_class_negative,0.56384421
sample_006,72,ecg_class_negative,0.5486995
sample_006,73,ecg_class_negative,0.45977545
sample_006,74,ecg_class_negative,0.53210383
sample_006,75,ecg_class_negative,0.75307517
sample_006,76,ecg_class_negative,0.84651787
sample_006,77,ecg_class_negative,0.7551361
sample_006,78,ecg_class_negative,0.69976801
sample_006,79,ecg_class_negative,0.73676406
sample_006,80,ecg_class_negative,0.65962871
sample_006,81,ecg_class_negative,0.45889683
sample_006,82,ecg_class_negative,0.42427792
sample_006,83,ecg_class_negative,0.57514723
sample_006,84,ecg_class_negative,0.55918781
sample_006,85,ecg_class_negative,0.35328436
sample_006,86,ecg_class_negative,0.3580163
sample_006,87,ecg_class_negative,0.60588882
sample_006,88,ecg_class_negative,0.71096266
sample_006,89,ecg_class_negative,0.61971023
sample_006,90,ecg_class_negative,0.56493009
sample_006,91,ecg_class_negative,0.55611367
sample_006,92,ecg_class_negative,0.56181896
sample_006,93,ecg_class_negative,0.65818662
sample_006,94,ecg_class_negative,0.63971097
sample_006,95,ecg_class_negative,0.24261796
sample_007,0,ecg_class_negative,1.0880765
sample_007,1,ecg_class_negative,1.5640399
sample_007,2,ecg_class_negative,1.3688902
sample_007,3,ecg_class_negative,1.2501573
sample_007,4,ecg_class_negative,1.4914982
sample_007,5,ecg_class_negative,1.6825891
sample_007,6,ecg_class_negative,1.2269507
sample_007,7,ecg_class_negative,0.34396908
sample_007,8,ecg_class_negative,-0.33531682
sample_007,9,ecg_class_negative,-0.72931956
sample_007,10,ecg_class_negative,-0.94971983
sample_007,11,ecg_class_negative,-1.0159285
sample_007,12,ecg_class_negative,-1.0660428
sample_007,13,ecg_class_negative,-1.1633754
sample_007,14,ecg_class_negative,-1.2074661
sample_007,15,ecg_class_negative,-1.2347116
sample_007,16,ecg_class_negative,-1.3248416
sample_007,17,ecg_class_negative,-1.3649445
sample_007,18,ecg_class_negative,-1.3312292
sample_007,19,ecg_class_negative,-1.356372
sample_007,20,ecg_class_negative,-1.370512
sample_007,21,ecg_class_negative,-1.3339249
sample_007,22,ecg_class_negative,-1.3781622
sample_007,23,ecg_class_negative,-1.3952861
sample_007,24,ecg_class_negative,-1.4009589
sample_007,25,ecg_class_negative,-1.4920148
sample_007,26,ecg_class_negative,-1.5029839
sample_007,27,ecg_class_negative,-1.5535053
sample_007,28,ecg_class_negative,-1.5988639
sample_007,29,ecg_class_negative,-1.4645683
sample_007,30,ecg_class_negative,-1.516411
sample_007,31,ecg_class_negative,-1.6458347
sample_007,32,ecg_class_negative,-1.5075231
sample_007,33,ecg_class_negative,-1.4002917
sample_007,34,ecg_class_negative,-1.3866241
sample_007,35,ecg_class_negative,-1.2240926
sample_007,36,ecg_class_negative,-1.0355959
sample_007,37,ecg_class_negative,-0.88889497
sample_007,38,ecg_class_negative,-0.67086707
sample_007,39,ecg_class_negative,-0.50035903
sample_007,40,ecg_class_negative,-0.30486991
sample_007,41,ecg_class_negative,-0.042425979
sample_007,42,ecg_class_negative,0.011476354
sample_007,43,ecg_class_negative,0.10149345
sample_007,44,ecg_class_negative,0.25839805
sample_007,45,ecg_class_negative,0.1373443
sample_007,46,ecg_class_negative,0.10318456
sample_007,47,ecg_class_negative,0.25942847
sample_007,48,ecg_class_negative,0.28884496
sample_007,49,ecg_class_negative,0.37561229
sample_007,50,ecg_class_negative,0.45706007
sample_007,51,ecg_class_negative,0.24608338
sample_007,52,ecg_class_negative,0.1670573
sample_007,53,ecg_class_negative,0.34107174
sample_007,54,ecg_class_negative,0.26229991
sample_007,55,ecg_class_negative,0.22048166
sample_007,56,ecg_class_negative,0.36496225
sample_007,57,ecg_class_negative,0.28835255
sample_007,58,ecg_class_negative,0.28827916
sample_007,59,ecg_class_negative,0.40272726
sample_007,60,ecg_class_negative,0.36496225
sample_007,61,ecg_class_negative,0.43108901
sample_007,62,ecg_class_negative,0.47695407
sample_007,63,ecg_class_negative,0.34008248
sample_007,64,ecg_class_negative,0.48674992
sample_007,65,ecg_class_negative,0.74087597
sample_007,66,ecg_class_negative,0.60662226
sample_007,67,ecg_class_negative,0.64531556
sample_007,68,ecg_class_negative,0.88255983
sample_007,69,ecg_class_negative,0.70573837
sample_007,70,ecg_class_negative,0.56069736
sample_007,71,ecg_class_negative,0.5381514
sample_007,72,ecg_class_negative,0.42585609
sample_007,73,ecg_class_negative,0.5963963
sample_007,74,ecg_class_negative,0.77936324
sample_007,75,ecg_class_negative,0.73281109
sample_007,76,ecg_class_negative,0.62376104
sample_007,77,ecg_class_negative,0.49063238
sample_007,78,ecg_class_negative,0.43944916
sample_007,79,ecg_class_negative,0.25488385
sample_007,80,ecg_class_negative,0.19750421
sample_007,81,ecg_class_negative,0.40071896
sample_007,82,ecg_class_negative,0.24904405
sample_007,83,ecg_class_negative,0.20962139
sample_007,84,ecg_class_negative,0.36496225
sample_007,85,ecg_class_negative,0.12984442
sample_007,86,ecg_class_negative,0.24432215
sample_007,87,ecg_class_negative,0.58525362
sample_007,88,ecg_class_negative,0.54764375
sample_007,89,ecg_class_negative,1.0933019
sample_007,90,ecg_class_negative,2.1507955
sample_007,91,ecg_class_negative,2.3850658
sample_007,92,ecg_class_negative,1.9938723
sample_007,93,ecg_class_negative,1.7602863
sample_007,94,ecg_class_negative,1.2692178
sample_007,95,ecg_class_negative,0.39910334
sample_008,0,ecg_class_negative,0.5264121
sample_008,1,ecg_class_negative,1.0079024
sample_008,2,ecg_class_negative,1.7898944
sample_008,3,ecg_class_negative,2.3580139
sample_008,4,ecg_class_negative,2.3014737
sample_008,5,ecg_class_negative,2.0870246
sample_008,6,ecg_class_negative,1.9675564
sample_008,7,ecg_class_negative,1.5140547
sample_008,8,ecg_class_negative,0.75045389
sample_008,9,ecg_class_negative,0.11539967
sample_008,10,ecg_class_negative,-0.22783536
sample_008,11,ecg_class_negative,-0.20111247
sample_008,12,ecg_class_negative,0.0014060274
sample_008,13,ecg_class_negative,-0.090393416
sample_008,14,ecg_class_negative,-0.36348937
sample_008,15,ecg_class_negative,-0.43495219
sample_008,16,ecg_class_negative,-0.42163636
sample_008,17,ecg_class_negative,-0.38390173
sample_008,18,ecg_class_negative,-0.24369553
sample_008,19,ecg_class_negative,-0.29330432
sample_008,20,ecg_class_negative,-0.59897814
sample_008,21,ecg_class_negative,-0.79239756
sample_008,22,ecg_class_negative,-0.79440992
sample_008,23,ecg_class_negative,-0.74223293
sample_008,24,ecg_class_negative,-0.70061494
sample_008,25,ecg_class_negative,-0.84145907
sample_008,26,ecg_class_negative,-1.1115483
sample_008,27,ecg_class_negative,-1.189314
sample_008,28,ecg_class_negative,-1.172079
sample_008,29,ecg_class_negative,-1.3321921
sample_008,30,ecg_class_negative,-1.5125598
sample_008,31,ecg_class_negative,-1.560419
sample_008,32,ecg_class_negative,-1.6294781
sample_008,33,ecg_class_negative,-1.7536262
sample_008,34,ecg_class_negative,-1.8152875
sample_008,35,ecg_class_negative,-1.8171945
sample_008,36,ecg_class_negative,-1.8183641
sample_008,37,ecg_class_negative,-1.8307318
sample_008,38,ecg_class_negative,-1.8100596
sample_008,39,ecg_class_negative,-1.6991048
sample_008,40,ecg_class_negative,-1.54577
sample_008,41,ecg_class_negative,-1.4566662
sample_008,42,ecg_class_negative,-1.4365454
sample_008,43,ecg_class_negative,-1.4095046
sample_008,44,ecg_class_negative,-1.2618154
sample_008,45,ecg_class_negative,-0.91441063
sample_008,46,ecg_class_negative,-0.52657305
sample_008,47,ecg_class_negative,-0.39644392
sample_008,48,ecg_class_negative,-0.50146707
sample_008,49,ecg_class_negative,-0.45028828
sample_008,50,ecg_class_negative,-0.13146598
sample_008,51,ecg_class_negative,0.069685738
sample_008,52,ecg_class_negative,0.045052045
sample_008,53,ecg_class_negative,0.12483771
sample_008,54,ecg_class_negative,0.26294534
sample_008,55,ecg_class_negative,0.2428136
sample_008,56,ecg_class_negative,0.3090242
sample_008,57,ecg_class_negative,0.4591846
sample_008,58,ecg_class_negative,0.29894485
sample_008,59,ecg_class_negative,0.096622746
sample_008,60,ecg_class_negative,0.32105926
sample_008,61,ecg_class_negative,0.55117831
sample_008,62,ecg_class_negative,0.35607157
sample_008,63,ecg_class_negative,0.19536367
sample_008,64,ecg_class_negative,0.41527749
sample_008,65,ecg_class_negative,0.5729076
sample_008,66,ecg_class_negative,0.41172368
sample_008,67,ecg_class_negative,0.33065713
sample_008,68,ecg_class_negative,0.45350512
sample_008,69,ecg_class_negative,0.4586406
sample_008,70,ecg_class_negative,0.39882301
sample_008,71,ecg_class_negative,0.494015
sample_008,72,ecg_class_negative,0.60765852
sample_008,73,ecg_class_negative,0.63189399
sample_008,74,ecg_class_negative,0.59523745
sample_008,75,ecg_class_negative,0.53274663
sample_008,76,ecg_class_negative,0.60443758
sample_008,77,ecg_class_negative,0.68789901
sample_008,78,ecg_class_negative,0.54608739
sample_008,79,ecg_class_negative,0.58014005
sample_008,80,ecg_class_negative,0.94054621
sample_008,81,ecg_class_negative,1.0174775
sample_008,82,ecg_class_negative,0.88870856
sample_008,83,ecg_class_negative,1.0290469
sample_008,84,ecg_class_negative,1.0391371
sample_008,85,ecg_class_negative,0.77887393
sample_008,86,ecg_class_negative,0.7795607
sample_008,87,ecg_class_negative,0.85121082
sample_008,88,ecg_class_negative,0.65955611
sample_008,89,ecg_class_negative,0.6312745
sample_008,90,ecg_class_negative,0.83081463
sample_008,91,ecg_class_negative,0.82709376
sample_008,92,ecg_class_negative,0.73991266
sample_008,93,ecg_class_negative,0.82409383
sample_008,94,ecg_class_negative,0.80693862
sample_008,95,ecg_class_negative,0.49505124
sample_009,0,ecg_class_negative,1.3510633
sample_009,1,ecg_class_negative,2.8253475
sample_009,2,ecg_class_negative,2.6405387
sample_009,3,ecg_class_negative,1.2185972
sample_009,4,ecg_class_negative,-0.056741817
sample_009,5,ecg_class_negative,1.1969525
sample_009,6,ecg_class_negative,0.72468158
sample_009,7,ecg_class_negative,0.96665163
sample_009,8,ecg_class_negative,0.54982412
sample_009,9,ecg_class_negative,-0.98860325
sample_009,10,ecg_class_negative,-1.0896612
sample_009,11,ecg_class_negative,-1.3796467
sample_009,12,ecg_class_negative,-1.4933006
sample_009,13,ecg_class_negative,-1.5358864
sample_009,14,ecg_class_negative,-1.6085794
sample_009,15,ecg_class_negative,-1.7979364
sample_009,16,ecg_class_negative,-1.8713879
sample_009,17,ecg_class_negative,-1.8084146
sample_009,18,ecg_class_negative,-1.9634411
sample_009,19,ecg_class_negative,-1.8674521
sample_009,20,ecg_class_negative,-1.9725184
sample_009,21,ecg_class_negative,-1.974003
sample_009,22,ecg_class_negative,-1.8118577
sample_009,23,ecg_class_negative,-1.7760929
sample_009,24,ecg_class_negative,-1.6584819
sample_009,25,ecg_class_negative,-1.5790928
sample_009,26,ecg_class_negative,-1.2089554
sample_009,27,ecg_class_negative,-0.95651798
sample_009,28,ecg_class_negative,-0.57893192
sample_009,29,ecg_class_negative,0.0091407399
sample_009,30,ecg_class_negative,0.41393379
sample_009,31,ecg_class_negative,0.79693596
sample_009,32,ecg_class_negative,1.1532698
sample_009,33,ecg_class_negative,1.3466296
sample_009,34,ecg_class_negative,1.5805981
sample_009,35,ecg_class_negative,1.6579084
sample_009,36,ecg_class_negative,1.5706004
sample_009,37,ecg_class_negative,1.4357052
sample_009,38,ecg_class_negative,1.3710045
sample_009,39,ecg_class_negative,1.1873345
sample_009,40,ecg_class_negative,0.97515895
sample_009,41,ecg_class_negative,0.90662467
sample_009,42,ecg_class_negative,0.80631102
sample_009,43,ecg_class_negative,0.79696583
sample_009,44,ecg_class_negative,0.60693675
sample_009,45,ecg_class_negative,0.64409607
sample_009,46,ecg_class_negative,0.43638846
sample_009,47,ecg_class_negative,0.4173406
sample_009,48,ecg_class_negative,0.39732821
sample_009,49,ecg_class_negative,0.27774806
sample_009,50,ecg_class_negative,0.3563615
sample_009,51,ecg_class_negative,0.22353753
sample_009,52,ecg_class_negative,0.218878
sample_009,53,ecg_class_negative,0.21645073
sample_009,54,ecg_class_negative,0.22628126
sample_009,55,ecg_class_negative,0.051749369
sample_009,56,ecg_class_negative,0.057490234
sample_009,57,ecg_class_negative,0.14059423
sample_009,58,ecg_class_negative,0.0081304607
sample_009,59,ecg_class_negative,-0.013382516
sample_009,60,ecg_class_negative,0.042685178
sample_009,61,ecg_class_negative,0.062064605
sample_009,62,ecg_class_negative,-0.057979348
sample_009,63,ecg_class_negative,-0.05566184
sample_009,64,ecg_class_negative,0.062631029
sample_009,65,ecg_class_negative,-0.15101682
sample_009,66,ecg_class_negative,0.016422729
sample_009,67,ecg_class_negative,0.032865136
sample_009,68,ecg_class_negative,-0.14212168
sample_009,69,ecg_class_negative,-0.043954713
sample_009,70,ecg_class_negative,0.0019502207
sample_009,71,ecg_class_negative,-0.023239864
sample_009,72,ecg_class_negative,-0.043992575
sample_009,73,ecg_class_negative,0.028251186
sample_009,74,ecg_class_negative,-0.037340248
sample_009,75,ecg_class_negative,-0.011156313
sample_009,76,ecg_class_negative,0.0041186808
sample_009,77,ecg_class_negative,0.0062360765
sample_009,78,ecg_class_negative,0.22729099
sample_009,79,ecg_class_negative,0.37901905
sample_009,80,ecg_class_negative,0.40506216
sample_009,81,ecg_class_negative,0.19951882
sample_009,82,ecg_class_negative,0.29168416
sample_009,83,ecg_class_negative,-0.027799432
sample_009,84,ecg_class_negative,-0.19868525
sample_009,85,ecg_class_negative,-0.17073811
sample_009,86,ecg_class_negative,-0.28446251
sample_009,87,ecg_class_negative,-0.15061437
sample_009,88,ecg_class_negative,-0.26200415
sample_009,89,ecg_class_negative,-0.22242406
sample_009,90,ecg_class_negative,-0.27178308
sample_009,91,ecg_class_negative,-0.065167955
sample_009,92,ecg_class_negative,-0.15399404
sample_009,93,ecg_class_negative,-0.099545425
sample_009,94,ecg_class_negative,-0.072254718
sample_009,95,ecg_class_negative,0.015932976
sample_010,0,ecg_class_negative,0.20303954
sample_010,1,ecg_class_negative,0.4620785
sample_010,2,ecg_class_negative,0.74836772
sample_010,3,ecg_class_negative,0.99695917
sample_010,4,ecg_class_negative,0.99855221
sample_010,5,ecg_class_negative,0.84949403
sample_010,6,ecg_class_negative,0.87570482
sample_010,7,ecg_class_negative,1.0092909
sample_010,8,ecg_class_negative,0.80806681
sample_010,9,ecg_class_negative,0.16128675
sample_010,10,ecg_class_negative,-0.41905794
sample_010,11,ecg_class_negative,-0.45015898
sample_010,12,ecg_class_negative,-0.21226069
sample_010,13,ecg_class_negative,-0.33518908
sample_010,14,ecg_class_negative,-0.74453609
sample_010,15,ecg_class_negative,-0.84187552
sample_010,16,ecg_class_negative,-0.59821278
sample_010,17,ecg_class_negative,-0.46744349
sample_010,18,ecg_class_negative,-0.54607648
sample_010,19,ecg_class_negative,-0.69481032
sample_010,20,ecg_class_negative,-0.85633856
sample_010,21,ecg_class_negative,-0.90661027
sample_010,22,ecg_class_negative,-0.85141067
sample_010,23,ecg_class_negative,-0.7671981
sample_010,24,ecg_class_negative,-0.50010025
sample_010,25,ecg_class_negative,-0.2679663
sample_010,26,ecg_class_negative,-0.61161333
sample_010,27,ecg_class_negative,-1.1419276
sample_010,28,ecg_class_negative,-1.1068337
sample_010,29,ecg_class_negative,-0.91681409
sample_010,30,ecg_class_negative,-1.1133568
sample_010,31,ecg_class_negative,-1.1243013
sample_010,32,ecg_class_negative,-0.63091696
sample_010,33,ecg_class_negative,-0.41757296
sample_010,34,ecg_class_negative,-0.83858138
sample_010,35,ecg_class_negative,-1.1334201
sample_010,36,ecg_class_negative,-0.92595138
sample_010,37,ecg_class_negative,-0.8273845
sample_010,38,ecg_class_negative,-1.096835
sample_010,39,ecg_class_negative,-1.2912432
sample_010,40,ecg_class_negative,-1.383113
sample_010,41,ecg_class_negative,-1.6018684
sample_010,42,ecg_class_negative,-1.6551462
sample_010,43,ecg_class_negative,-1.4481861
sample_010,44,ecg_class_negative,-1.4093576
sample_010,45,ecg_class_negative,-1.5045071
sample_010,46,ecg_class_negative,-1.3606741
sample_010,47,ecg_class_negative,-1.1107051
sample_010,48,ecg_class_negative,-0.9906629
sample_010,49,ecg_class_negative,-0.86473975
sample_010,50,ecg_class_negative,-0.66534071
sample_010,51,ecg_class_negative,-0.53173869
sample_010,52,ecg_class_negative,-0.4564117
sample_010,53,ecg_class_negative,-0.29351677
sample_010,54,ecg_class_negative,-0.048334569
sample_010,55,ecg_class_negative,0.1432135
sample_010,56,ecg_class_negative,0.2684479
sample_010,57,ecg_class_negative,0.37448588
sample_010,58,ecg_class_negative,0.43712032
sample_010,59,ecg_class_negative,0.52029813
sample_010,60,ecg_class_negative,0.64595463
sample_010,61,ecg_class_negative,0.62296152
sample_010,62,ecg_class_negative,0.47560443
sample_010,63,ecg_class_negative,0.46532114
sample_010,64,ecg_class_negative,0.51372922
sample_010,65,ecg_class_negative,0.43557245
sample_010,66,ecg_class_negative,0.41166962
sample_010,67,ecg_class_negative,0.50660284
sample_010,68,ecg_class_negative,0.4346806
sample_010,69,ecg_class_negative,0.21509747
sample_010,70,ecg_class_negative,0.2123013
sample_010,71,ecg_class_negative,0.38697442
sample_010,72,ecg_class_negative,0.33385625
sample_010,73,ecg_class_negative,0.11874715
sample_010,74,ecg_class_negative,0.19977383
sample_010,75,ecg_class_negative,0.47825397
sample_010,76,ecg_class_negative,0.52159962
sample_010,77,ecg_class_negative,0.41185944
sample_010,78,ecg_class_negative,0.33925708
sample_010,79,ecg_class_negative,0.2328307
sample_010,80,ecg_class_negative,0.25209581
sample_010,81,ecg_class_negative,0.43315453
sample_010,82,ecg_class_negative,0.35764047
sample_010,83,ecg_class_negative,0.17873833
sample_010,84,ecg_class_negative,0.37737192
sample_010,85,ecg_class_negative,0.5720518
sample_010,86,ecg_class_negative,0.49869164
sample_010,87,ecg_class_negative,0.74312635
sample_010,88,ecg_class_negative,1.3640378
sample_010,89,ecg_class_negative,1.9802452
sample_010,90,ecg_class_negative,2.7125249
sample_010,91,ecg_class_negative,3.2698816
sample_010,92,ecg_class_negative,3.070404
sample_010,93,ecg_class_negative,2.5160159
sample_010,94,ecg_class_negative,1.9308803
sample_010,95,ecg_class_negative,0.88438617
sample_011,0,ecg_class_negative,2.0412979
sample_011,1,ecg_class_negative,2.0215905
sample_011,2,ecg_class_negative,1.9258954
sample_011,3,ecg_class_negative,2.3343605
sample_011,4,ecg_class_negative,1.1738737
sample_011,5,ecg_class_negative,-0.45254768
sample_011,6,ecg_class_negative,-0.72808871
sample_011,7,ecg_class_negative,-0.97286861
sample_011,8,ecg_class_negative,-1.1330444
sample_011,9,ecg_class_negative,-1.3083921
sample_011,10,ecg_class_negative,-1.4269104
sample_011,11,ecg_class_negative,-1.3777995
sample_011,12,ecg_class_negative,-1.4946452
sample_011,13,ecg_class_negative,-1.6391585
sample_011,14,ecg_class_negative,-1.6507469
sample_011,15,ecg_class_negative,-1.63712
sample_011,16,ecg_class_negative,-1.7475462
sample_011,17,ecg_class_negative,-1.7957816
sample_011,18,ecg_class_negative,-1.8923593
sample_011,19,ecg_class_negative,-1.8622911
sample_011,20,ecg_class_negative,-2.0314748
sample_011,21,ecg_class_negative,-2.0181803
sample_011,22,ecg_class_negative,-1.8818739
sample_011,23,ecg_class_negative,-1.8788136
sample_011,24,ecg_class_negative,-1.7021406
sample_011,25,ecg_class_negative,-1.638922
sample_011,26,ecg_class_negative,-1.3705513
sample_011,27,ecg_class_negative,-1.074531
sample_011,28,ecg_class_negative,-0.77577882
sample_011,29,ecg_class_negative,-0.325801
sample_011,30,ecg_class_negative,0.10598077
sample_011,31,ecg_class_negative,0.41984097
sample_011,32,ecg_class_negative,0.55780729
sample_011,33,ecg_class_negative,0.66172383
sample_011,34,ecg_class_negative,0.74204524
sample_011,35,ecg_class_negative,0.7688022
sample_011,36,ecg_class_negative,0.88773093
sample_011,37,ecg_class_negative,0.93061314
sample_011,38,ecg_class_negative,0.89278808
sample_011,39,ecg_class_negative,0.82587454
sample_011,40,ecg_class_negative,0.71323405
sample_011,41,ecg_class_negative,0.63487012
sample_011,42,ecg_class_negative,0.58140712
sample_011,43,ecg_class_negative,0.55860979
sample_011,44,ecg_class_negative,0.51887426
sample_011,45,ecg_class_negative,0.54622788
sample_011,46,ecg_class_negative,0.46277437
sample_011,47,ecg_class_negative,0.38710092
sample_011,48,ecg_class_negative,0.49854746
sample_011,49,ecg_class_negative,0.45849862
sample_011,50,ecg_class_negative,0.38337416
sample_011,51,ecg_class_negative,0.4624378
sample_011,52,ecg_class_negative,0.52128288
sample_011,53,ecg_class_negative,0.54289555
sample_011,54,ecg_class_negative,0.70444864
sample_011,55,ecg_class_negative,0.81086868
sample_011,56,ecg_class_negative,0.84128969
sample_011,57,ecg_class_negative,0.85245267
sample_011,58,ecg_class_negative,0.69108352
sample_011,59,ecg_class_negative,0.74737044
sample_011,60,ecg_class_negative,0.7926625
sample_011,61,ecg_class_negative,0.82489155
sample_011,62,ecg_class_negative,0.73355633
sample_011,63,ecg_class_negative,0.54221106
sample_011,64,ecg_class_negative,0.4398919
sample_011,65,ecg_class_negative,0.17818583
sample_011,66,ecg_class_negative,0.067928638
sample_011,67,ecg_class_negative,-0.042475807
sample_011,68,ecg_class_negative,-0.0067941907
sample_011,69,ecg_class_negative,0.015047884
sample_011,70,ecg_class_negative,-0.049013166
sample_011,71,ecg_class_negative,-0.094703985
sample_011,72,ecg_class_negative,-0.1140152
sample_011,73,ecg_class_negative,-0.0011615384
sample_011,74,ecg_class_negative,-0.0838521
sample_011,75,ecg_class_negative,-0.093966707
sample_011,76,ecg_class_negative,-0.078748905
sample_011,77,ecg_class_negative,0.00019599784
sample_011,78,ecg_class_negative,-0.0877118
sample_011,79,ecg_class_negative,-0.09344386
sample_011,80,ecg_class_negative,-0.05769818
sample_011,81,ecg_class_negative,-0.060419021
sample_011,82,ecg_class_negative,-0.057214332
sample_011,83,ecg_class_negative,-0.11642003
sample_011,84,ecg_class_negative,-0.024918867
sample_011,85,ecg_class_negative,0.088910345
sample_011,86,ecg_class_negative,0.11528339
sample_011,87,ecg_class_negative,0.066654186
sample_011,88,ecg_class_negative,0.10396027
sample_011,89,ecg_class_negative,0.23877021
sample_011,90,ecg_class_negative,0.30620836
sample_011,91,ecg_class_negative,0.33757239
sample_011,92,ecg_class_negative,0.75526593
sample_011,93,ecg_class_negative,0.86793768
sample_011,94,ecg_class_negative,0.83823445
sample_011,95,ecg_class_negative,1.3586827
sample_012,0,ecg_class_negative,0.31421954
sample_012,1,ecg_class_negative,0.78106253
sample_012,2,ecg_class_negative,1.2049684
sample_012,3,ecg_class_negative,1.5346969
sample_012,4,ecg_class_negative,1.8773314
sample_012,5,ecg_class_negative,2.1582136
sample_012,6,ecg_class_negative,2.1029722
sample_012,7,ecg_class_negative,1.6779094
sample_012,8,ecg_class_negative,1.1686752
sample_012,9,ecg_class_negative,0.68953902
sample_012,10,ecg_class_negative,0.16295673
sample_012,11,ecg_class_negative,-0.22586798
sample_012,12,ecg_class_negative,-0.26498096
sample_012,13,ecg_class_negative,-0.17853669
sample_012,14,ecg_class_negative,-0.21714779
sample_012,15,ecg_class_negative,-0.2391025
sample_012,16,ecg_class_negative,-0.095147651
sample_012,17,ecg_class_negative,0.067183123
sample_012,18,ecg_class_negative,0.044738707
sample_012,19,ecg_class_negative,-0.19239807
sample_012,20,ecg_class_negative,-0.52251979
sample_012,21,ecg_class_negative,-0.75271166
sample_012,22,ecg_class_negative,-0.7633734
sample_012,23,ecg_class_negative,-0.67793966
sample_012,24,ecg_class_negative,-0.70799498
sample_012,25,ecg_class_negative,-0.83776254
sample_012,26,ecg_class_negative,-0.89701391
sample_012,27,ecg_class_negative,-0.89567536
sample_012,28,ecg_class_negative,-0.9626454
sample_012,29,ecg_class_negative,-1.0852043
sample_012,30,ecg_class_negative,-1.1786837
sample_012,31,ecg_class_negative,-1.2381379
sample_012,32,ecg_class_negative,-1.311662
sample_012,33,ecg_class_negative,-1.4525965
sample_012,34,ecg_class_negative,-1.6413078
sample_012,35,ecg_class_negative,-1.7848404
sample_012,36,ecg_class_negative,-1.8723492
sample_012,37,ecg_class_negative,-1.8906598
sample_012,38,ecg_class_negative,-1.7787761
sample_012,39,ecg_class_negative,-1.7101998
sample_012,40,ecg_class_negative,-1.8413478
sample_012,41,ecg_class_negative,-1.8897977
sample_012,42,ecg_class_negative,-1.725754
sample_012,43,ecg_class_negative,-1.6544786
sample_012,44,ecg_class_negative,-1.6172059
sample_012,45,ecg_class_negative,-1.3332645
sample_012,46,ecg_class_negative,-1.0711115
sample_012,47,ecg_class_negative,-1.053257
sample_012,48,ecg_class_negative,-0.94570387
sample_012,49,ecg_class_negative,-0.6480925
sample_012,50,ecg_class_negative,-0.46395201
sample_012,51,ecg_class_negative,-0.44029382
sample_012,52,ecg_class_negative,-0.37801159
sample_012,53,ecg_class_negative,-0.17973792
sample_012,54,ecg_class_negative,0.068041623
sample_012,55,ecg_class_negative,0.1697713
sample_012,56,ecg_class_negative,0.13236052
sample_012,57,ecg_class_negative,0.20540715
sample_012,58,ecg_class_negative,0.39916148
sample_012,59,ecg_class_negative,0.49643003
sample_012,60,ecg_class_negative,0.51251997
sample_012,61,ecg_class_negative,0.56105279
sample_012,62,ecg_class_negative,0.60312536
sample_012,63,ecg_class_negative,0.6565219
sample_012,64,ecg_class_negative,0.74428084
sample_012,65,ecg_class_negative,0.74381857
sample_012,66,ecg_class_negative,0.66879431
sample_012,67,ecg_class_negative,0.67557652
sample_012,68,ecg_class_negative,0.72364773
sample_012,69,ecg_class_negative,0.72221816
sample_012,70,ecg_class_negative,0.77217538
sample_012,71,ecg_class_negative,0.8871881
sample_012,72,ecg_class_negative,0.88714718
sample_012,73,ecg_class_negative,0.77645149
sample_012,74,ecg_class_negative,0.76292721
sample_012,75,ecg_class_negative,0.81154604
sample_012,76,ecg_class_negative,0.68923001
sample_012,77,ecg_class_negative,0.48300041
sample_012,78,ecg_class_negative,0.5368841
sample_012,79,ecg_class_negative,0.82934108
sample_012,80,ecg_class_negative,0.96538322
sample_012,81,ecg_class_negative,0.89002952
sample_012,82,ecg_class_negative,0.90713135
sample_012,83,ecg_class_negative,0.95208708
sample_012,84,ecg_class_negative,0.7811642
sample_012,85,ecg_class_negative,0.6401907
sample_012,86,ecg_class_negative,0.71962299
sample_012,87,ecg_class_negative,0.69281771
sample_012,88,ecg_class_negative,0.53890721
sample_012,89,ecg_class_negative,0.61208345
sample_012,90,ecg_class_negative,0.73607727
sample_012,91,ecg_class_negative,0.57119883
sample_012,92,ecg_class_negative,0.44656844
sample_012,93,ecg_class_negative,0.67154941
sample_012,94,ecg_class_negative,0.78798188
sample_012,95,ecg_class_negative,0.40136535
sample_013,0,ecg_class_positive,0.1476469
sample_013,1,ecg_class_positive,0.8046684
sample_013,2,ecg_class_positive,0.36777149
sample_013,3,ecg_class_positive,0.24389371
sample_013,4,ecg_class_positive,0.026613882
sample_013,5,ecg_class_positive,-0.27440211
sample_013,6,ecg_class_positive,0.096730583
sample_013,7,ecg_class_positive,-0.74773064
sample_013,8,ecg_class_positive,-1.6097771
sample_013,9,ecg_class_positive,-1.1795931
sample_013,10,ecg_class_positive,-1.0559264
sample_013,11,ecg_class_positive,-1.1287774
sample_013,12,ecg_class_positive,-0.68603867
sample_013,13,ecg_class_positive,-0.79878866
sample_013,14,ecg_class_positive,-1.7142791
sample_013,15,ecg_class_positive,-1.6498584
sample_013,16,ecg_class_positive,-1.0326988
sample_013,17,ecg_class_positive,-1.4239179
sample_013,18,ecg_class_positive,-1.7824333
sample_013,19,ecg_class_positive,-1.0251257
sample_013,20,ecg_class_positive,-1.7989086
sample_013,21,ecg_class_positive,-1.7936136
sample_013,22,ecg_class_positive,-1.0854783
sample_013,23,ecg_class_positive,-1.5743899
sample_013,24,ecg_class_positive,-1.0360595
sample_013,25,ecg_class_positive,-2.130021
sample_013,26,ecg_class_positive,-2.0386213
sample_013,27,ecg_class_positive,-0.05501273
sample_013,28,ecg_class_positive,-1.1401949
sample_013,29,ecg_class_positive,-0.70427521
sample_013,30,ecg_class_positive,0.048723084
sample_013,31,ecg_class_positive,-0.47585411
sample_013,32,ecg_class_positive,0.52586518
sample_013,33,ecg_class_positive,0.24477767
sample_013,34,ecg_class_positive,0.67993176
sample_013,35,ecg_class_positive,0.9286012
sample_013,36,ecg_class_positive,0.57304095
sample_013,37,ecg_class_positive,1.2316066
sample_013,38,ecg_class_positive,1.0433243
sample_013,39,ecg_class_positive,1.5802281
sample_013,40,ecg_class_positive,1.2905714
sample_013,41,ecg_class_positive,0.75051788
sample_013,42,ecg_class_positive,0.97756667
sample_013,43,ecg_class_positive,1.1415881
sample_013,44,ecg_class_positive,1.5299044
sample_013,45,ecg_class_positive,0.84768163
sample_013,46,ecg_class_positive,0.7667604
sample_013,47,ecg_class_positive,0.56568218
sample_013,48,ecg_class_positive,1.0846257
sample_013,49,ecg_class_positive,1.0573685
sample_013,50,ecg_class_positive,0.50308411
sample_013,51,ecg_class_positive,0.95328821
sample_013,52,ecg_class_positive,0.45419824
sample_013,53,ecg_class_positive,1.1989698
sample_013,54,ecg_class_positive,0.84971989
sample_013,55,ecg_class_positive,-0.13771474
sample_013,56,ecg_class_positive,0.63112045
sample_013,57,ecg_class_positive,0.69407501
sample_013,58,ecg_class_positive,0.51507095
sample_013,59,ecg_class_positive,0.5592294
sample_013,60,ecg_class_positive,0.555712
sample_013,61,ecg_class_positive,0.46969403
sample_013,62,ecg_class_positive,0.38882121
sample_013,63,ecg_class_positive,0.34312937
sample_013,64,ecg_class_positive,0.53559788
sample_013,65,ecg_class_positive,0.90070837
sample_013,66,ecg_class_positive,0.65684587
sample_013,67,ecg_class_positive,0.69003294
sample_013,68,ecg_class_positive,0.9525963
sample_013,69,ecg_class_positive,0.54776991
sample_013,70,ecg_class_positive,-0.16769268
sample_013,71,ecg_class_positive,0.011531941
sample_013,72,ecg_class_positive,-0.17648785
sample_013,73,ecg_class_positive,-0.27770647
sample_013,74,ecg_class_positive,-0.22483592
sample_013,75,ecg_class_positive,-0.91072293
sample_013,76,ecg_class_positive,-0.037931787
sample_013,77,ecg_class_positive,0.071667671
sample_013,78,ecg_class_positive,-1.0489198
sample_013,79,ecg_class_positive,-0.63621758
sample_013,80,ecg_class_positive,-0.38663674
sample_013,81,ecg_class_positive,-0.50751228
sample_013,82,ecg_class_positive,-0.7166559
sample_013,83,ecg_class_positive,-0.46375771
sample_013,84,ecg_class_positive,-0.46044227
sample_013,85,ecg_class_positive,-0.77079245
sample_013,86,ecg_class_positive,-0.53350348
sample_013,87,ecg_class_positive,-0.4002281
sample_013,88,ecg_class_positive,0.17608413
sample_013,89,ecg_class_positive,1.111768
sample_013,90,ecg_class_positive,2.4384282
sample_013,91,ecg_class_positive,2.7348886
sample_013,92,ecg_class_positive,1.7360544
sample_013,93,ecg_class_positive,0.036856551
sample_013,94,ecg_class_positive,-1.2650744
sample_013,95,ecg_class_positive,-0.20802439
sample_014,0,ecg_class_positive,0.64865752
sample_014,1,ecg_class_positive,0.75202595
sample_014,2,ecg_class_positive,2.6362312
sample_014,3,ecg_class_positive,3.4557156
sample_014,4,ecg_class_positive,2.1181574
sample_014,5,ecg_class_positive,0.52062024
sample_014,6,ecg_class_positive,-0.18862656
sample_014,7,ecg_class_positive,0.78081841
sample_014,8,ecg_class_positive,0.93377469
sample_014,9,ecg_class_positive,0.70140202
sample_014,10,ecg_class_positive,1.006133
sample_014,11,ecg_class_positive,0.39578379
sample_014,12,ecg_class_positive,-0.36970304
sample_014,13,ecg_class_positive,-0.73820206
sample_014,14,ecg_class_positive,-0.72908415
sample_014,15,ecg_class_positive,-0.90693968
sample_014,16,ecg_class_positive,-0.87096235
sample_014,17,ecg_class_positive,-1.060217
sample_014,18,ecg_class_positive,-1.1979584
sample_014,19,ecg_class_positive,-0.98160194
sample_014,20,ecg_class_positive,-1.2724972
sample_014,21,ecg_class_positive,-1.2873802
sample_014,22,ecg_class_positive,-1.2766979
sample_014,23,ecg_class_positive,-1.5397017
sample_014,24,ecg_class_positive,-1.3466101
sample_014,25,ecg_class_positive,-1.5352169
sample_014,26,ecg_class_positive,-1.7634184
sample_014,27,ecg_class_positive,-1.6888209
sample_014,28,ecg_class_positive,-1.8093685
sample_014,29,ecg_class_positive,-1.8638914
sample_014,30,ecg_class_positive,-1.9944534
sample_014,31,ecg_class_positive,-1.8898102
sample_014,32,ecg_class_positive,-1.9257132
sample_014,33,ecg_class_positive,-1.8336293
sample_014,34,ecg_class_positive,-1.6618298
sample_014,35,ecg_class_positive,-1.3425104
sample_014,36,ecg_class_positive,-1.0113174
sample_014,37,ecg_class_positive,-0.67271665
sample_014,38,ecg_class_positive,-0.21615671
sample_014,39,ecg_class_positive,0.052871572
sample_014,40,ecg_class_positive,0.56208966
sample_014,41,ecg_class_positive,0.70087985
sample_014,42,ecg_class_positive,0.94692677
sample_014,43,ecg_class_positive,1.0049973
sample_014,44,ecg_class_positive,1.0275423
sample_014,45,ecg_class_positive,1.1916636
sample_014,46,ecg_class_positive,0.96885533
sample_014,47,ecg_class_positive,0.84461754
sample_014,48,ecg_class_positive,0.77949209
sample_014,49,ecg_class_positive,0.743938
sample_014,50,ecg_class_positive,0.67335291
sample_014,51,ecg_class_positive,0.50527636
sample_014,52,ecg_class_positive,0.66254685
sample_014,53,ecg_class_positive,0.60770289
sample_014,54,ecg_class_positive,0.54610457
sample_014,55,ecg_class_positive,0.68716257
sample_014,56,ecg_class_positive,0.54300417
sample_014,57,ecg_class_positive,0.45314766
sample_014,58,ecg_class_positive,0.48578457
sample_014,59,ecg_class_positive,0.44067902
sample_014,60,ecg_class_positive,0.53915332
sample_014,61,ecg_class_positive,0.36957146
sample_014,62,ecg_class_positive,0.37731573
sample_014,63,ecg_class_positive,0.47011338
sample_014,64,ecg_class_positive,0.32144799
sample_014,65,ecg_class_positive,0.32551344
sample_014,66,ecg_class_positive,0.25125875
sample_014,67,ecg_class_positive,0.2705711
sample_014,68,ecg_class_positive,0.27716131
sample_014,69,ecg_class_positive,0.15517117
sample_014,70,ecg_class_positive,0.12095431
sample_014,71,ecg_class_positive,0.32639509
sample_014,72,ecg_class_positive,0.47395183
sample_014,73,ecg_class_positive,0.59473611
sample_014,74,ecg_class_positive,0.69819946
sample_014,75,ecg_class_positive,0.82678088
sample_014,76,ecg_class_positive,0.57516625
sample_014,77,ecg_class_positive,0.40119607
sample_014,78,ecg_class_positive,0.34996612
sample_014,79,ecg_class_positive,0.14805279
sample_014,80,ecg_class_positive,-0.033206288
sample_014,81,ecg_class_positive,-0.11426641
sample_014,82,ecg_class_positive,0.12034538
sample_014,83,ecg_class_positive,-0.22010169
sample_014,84,ecg_class_positive,-0.15122608
sample_014,85,ecg_class_positive,-0.077444659
sample_014,86,ecg_class_positive,-0.097868776
sample_014,87,ecg_class_positive,-0.13678697
sample_014,88,ecg_class_positive,-0.34023669
sample_014,89,ecg_class_positive,-0.089441428
sample_014,90,ecg_class_positive,-0.080297278
sample_014,91,ecg_class_positive,-0.19258444
sample_014,92,ecg_class_positive,-0.30470444
sample_014,93,ecg_class_positive,-0.45455625
sample_014,94,ecg_class_positive,0.31459
sample_014,95,ecg_class_positive,0.5821895
sample_015,0,ecg_class_positive,0.40473265
sample_015,1,ecg_class_positive,1.2808587
sample_015,2,ecg_class_positive,2.5151479
sample_015,3,ecg_class_positive,1.2995187
sample_015,4,ecg_class_positive,1.4534323
sample_015,5,ecg_class_positive,0.47427508
sample_015,6,ecg_class_positive,-1.3965619
sample_015,7,ecg_class_positive,-0.64708079
sample_015,8,ecg_class_positive,0.4319451
sample_015,9,ecg_class_positive,0.13244512
sample_015,10,ecg_class_positive,-0.40660902
sample_015,11,ecg_class_positive,0.23056633
sample_015,12,ecg_class_positive,-0.12135267
sample_015,13,ecg_class_positive,-0.9186398
sample_015,14,ecg_class_positive,-1.2467709
sample_015,15,ecg_class_positive,-1.3483736
sample_015,16,ecg_class_positive,-1.1902833
sample_015,17,ecg_class_positive,-1.0112698
sample_015,18,ecg_class_positive,-2.0039201
sample_015,19,ecg_class_positive,-1.3270367
sample_015,20,ecg_class_positive,-0.97603428
sample_015,21,ecg_class_positive,-1.8636169
sample_015,22,ecg_class_positive,-1.4876914
sample_015,23,ecg_class_positive,-1.6161399
sample_015,24,ecg_class_positive,-1.9575634
sample_015,25,ecg_class_positive,-1.7006637
sample_015,26,ecg_class_positive,-1.5184788
sample_015,27,ecg_class_positive,-1.8975843
sample_015,28,ecg_class_positive,-2.1771748
sample_015,29,ecg_class_positive,-1.8727894
sample_015,30,ecg_class_positive,-1.7752905
sample_015,31,ecg_class_positive,-1.6681586
sample_015,32,ecg_class_positive,-1.9333433
sample_015,33,ecg_class_positive,-1.4896118
sample_015,34,ecg_class_positive,-1.1507331
sample_015,35,ecg_class_positive,-1.0781561
sample_015,36,ecg_class_positive,-0.77372316
sample_015,37,ecg_class_positive,-0.5202207
sample_015,38,ecg_class_positive,-0.20525277
sample_015,39,ecg_class_positive,-0.026608191
sample_015,40,ecg_class_positive,0.29905385
sample_015,41,ecg_class_positive,0.19431966
sample_015,42,ecg_class_positive,0.70179318
sample_015,43,ecg_class_positive,0.67189094
sample_015,44,ecg_class_positive,0.85378659
sample_015,45,ecg_class_positive,0.67685205
sample_015,46,ecg_class_positive,0.89891601
sample_015,47,ecg_class_positive,0.77225822
sample_015,48,ecg_class_positive,0.6498631
sample_015,49,ecg_class_positive,0.63881629
sample_015,50,ecg_class_positive,0.67025023
sample_015,51,ecg_class_positive,1.0374359
sample_015,52,ecg_class_positive,0.43305326
sample_015,53,ecg_class_positive,0.65715862
sample_015,54,ecg_class_positive,0.52901327
sample_015,55,ecg_class_positive,0.56207051
sample_015,56,ecg_class_positive,1.0283513
sample_015,57,ecg_class_positive,-0.019686467
sample_015,58,ecg_class_positive,1.1777618
sample_015,59,ecg_class_positive,0.84790423
sample_015,60,ecg_class_positive,0.16943202
sample_015,61,ecg_class_positive,0.67343368
sample_015,62,ecg_class_positive,0.6352647
sample_015,63,ecg_class_positive,0.74822003
sample_015,64,ecg_class_positive,0.64016663
sample_015,65,ecg_class_positive,0.59131589
sample_015,66,ecg_class_positive,0.43168075
sample_015,67,ecg_class_positive,0.71749974
sample_015,68,ecg_class_positive,0.59541636
sample_015,69,ecg_class_positive,0.45848779
sample_015,70,ecg_class_positive,0.48356648
sample_015,71,ecg_class_positive,0.65571268
sample_015,72,ecg_class_positive,0.49079447
sample_015,73,ecg_class_positive,1.0668703
sample_015,74,ecg_class_positive,0.92914878
sample_015,75,ecg_class_positive,0.93902615
sample_015,76,ecg_class_positive,1.3121779
sample_015,77,ecg_class_positive,0.58060433
sample_015,78,ecg_class_positive,0.57095928
sample_015,79,ecg_class_positive,0.52277452
sample_015,80,ecg_class_positive,0.44632254
sample_015,81,ecg_class_positive,0.6206822
sample_015,82,ecg_class_positive,0.049713371
sample_015,83,ecg_class_positive,0.2698563
sample_015,84,ecg_class_positive,0.41891845
sample_015,85,ecg_class_positive,-0.064345669
sample_015,86,ecg_class_positive,0.37646912
sample_015,87,ecg_class_positive,0.27781111
sample_015,88,ecg_class_positive,0.22567582
sample_015,89,ecg_class_positive,0.15909081
sample_015,90,ecg_class_positive,0.40835397
sample_015,91,ecg_class_positive,0.54001519
sample_015,92,ecg_class_positive,-0.027791159
sample_015,93,ecg_class_positive,0.20347623
sample_015,94,ecg_class_positive,0.34696389
sample_015,95,ecg_class_positive,0.33918469
sample_016,0,ecg_class_positive,0.32800826
sample_016,1,ecg_class_positive,1.2102222
sample_016,2,ecg_class_positive,2.5976534
sample_016,3,ecg_class_positive,2.2107785
sample_016,4,ecg_class_positive,1.6216664
sample_016,5,ecg_class_positive,-0.23932105
sample_016,6,ecg_class_positive,-1.5987116
sample_016,7,ecg_class_positive,-0.60213646
sample_016,8,ecg_class_positive,-0.08660337
sample_016,9,ecg_class_positive,0.026581391
sample_016,10,ecg_class_positive,-0.30304941
sample_016,11,ecg_class_positive,-0.37246008
sample_016,12,ecg_class_positive,-0.27912982
sample_016,13,ecg_class_positive,-0.94947081
sample_016,14,ecg_class_positive,-0.9640863
sample_016,15,ecg_class_positive,-0.95486094
sample_016,16,ecg_class_positive,-1.2032956
sample_016,17,ecg_class_positive,-1.3401393
sample_016,18,ecg_class_positive,-1.3715076
sample_016,19,ecg_class_positive,-1.1738752
sample_016,20,ecg_class_positive,-1.4189553
sample_016,21,ecg_class_positive,-1.5592412
sample_016,22,ecg_class_positive,-1.3084412
sample_016,23,ecg_class_positive,-1.8123748
sample_016,24,ecg_class_positive,-1.699133
sample_016,25,ecg_class_positive,-1.5041931
sample_016,26,ecg_class_positive,-2.0016292
sample_016,27,ecg_class_positive,-1.8574369
sample_016,28,ecg_class_positive,-1.9543183
sample_016,29,ecg_class_positive,-1.7167091
sample_016,30,ecg_class_positive,-2.1675454
sample_016,31,ecg_class_positive,-1.6748811
sample_016,32,ecg_class_positive,-1.8145649
sample_016,33,ecg_class_positive,-1.5073572
sample_016,34,ecg_class_positive,-0.99970388
sample_016,35,ecg_class_positive,-1.0499143
sample_016,36,ecg_class_positive,-0.51484779
sample_016,37,ecg_class_positive,-0.29834696
sample_016,38,ecg_class_positive,0.12887592
sample_016,39,ecg_class_positive,0.37943089
sample_016,40,ecg_class_positive,0.47460243
sample_016,41,ecg_class_positive,0.60646546
sample_016,42,ecg_class_positive,1.0355295
sample_016,43,ecg_class_positive,0.9076036
sample_016,44,ecg_class_positive,1.0428804
sample_016,45,ecg_class_positive,0.91986476
sample_016,46,ecg_class_positive,1.1408321
sample_016,47,ecg_class_positive,0.85017406
sample_016,48,ecg_class_positive,0.78688814
sample_016,49,ecg_class_positive,1.0158116
sample_016,50,ecg_class_positive,0.78087507
sample_016,51,ecg_class_positive,0.80101238
sample_016,52,ecg_class_positive,0.65621393
sample_016,53,ecg_class_positive,0.6961819
sample_016,54,ecg_class_positive,0.67790021
sample_016,55,ecg_class_positive,0.90150874
sample_016,56,ecg_class_positive,0.65491565
sample_016,57,ecg_class_positive,0.81448478
sample_016,58,ecg_class_positive,0.85914247
sample_016,59,ecg_class_positive,0.68344701
sample_016,60,ecg_class_positive,0.64021189
sample_016,61,ecg_class_positive,0.79177879
sample_016,62,ecg_class_positive,0.56013986
sample_016,63,ecg_class_positive,0.63391226
sample_016,64,ecg_class_positive,0.77200739
sample_016,65,ecg_class_positive,0.41966977
sample_016,66,ecg_class_positive,0.63479984
sample_016,67,ecg_class_positive,0.53577461
sample_016,68,ecg_class_positive,0.32129593
sample_016,69,ecg_class_positive,0.48255678
sample_016,70,ecg_class_positive,0.57630614
sample_016,71,ecg_class_positive,0.28996466
sample_016,72,ecg_class_positive,0.68976896
sample_016,73,ecg_class_positive,0.85559866
sample_016,74,ecg_class_positive,0.75653094
sample_016,75,ecg_class_positive,0.86012922
sample_016,76,ecg_class_positive,0.72387774
sample_016,77,ecg_class_positive,0.4458859
sample_016,78,ecg_class_positive,0.52091469
sample_016,79,ecg_class_positive,0.59710275
sample_016,80,ecg_class_positive,0.0041582105
sample_016,81,ecg_class_positive,0.18873901
sample_016,82,ecg_class_positive,0.35839279
sample_016,83,ecg_class_positive,-0.16948401
sample_016,84,ecg_class_positive,0.31336029
sample_016,85,ecg_class_positive,0.12599111
sample_016,86,ecg_class_positive,-0.046115194
sample_016,87,ecg_class_positive,0.099801472
sample_016,88,ecg_class_positive,-0.05288849
sample_016,89,ecg_class_positive,0.11905553
sample_016,90,ecg_class_positive,0.061988986
sample_016,91,ecg_class_positive,-0.060122169
sample_016,92,ecg_class_positive,-0.030952939
sample_016,93,ecg_class_positive,0.001111159
sample_016,94,ecg_class_positive,0.22771811
sample_016,95,ecg_class_positive,0.23970956
sample_017,0,ecg_class_positive,1.668206
sample_017,1,ecg_class_positive,2.8481734
sample_017,2,ecg_class_positive,2.5169776
sample_017,3,ecg_class_positive,2.1727729
sample_017,4,ecg_class_positive,0.72046706
sample_017,5,ecg_class_positive,0.72537573
sample_017,6,ecg_class_positive,1.6386019
sample_017,7,ecg_class_positive,1.2929038
sample_017,8,ecg_class_positive,1.6095656
sample_017,9,ecg_class_positive,1.395034
sample_017,10,ecg_class_positive,0.1492802
sample_017,11,ecg_class_positive,-0.33322555
sample_017,12,ecg_class_positive,-0.45278197
sample_017,13,ecg_class_positive,-0.78508967
sample_017,14,ecg_class_positive,-0.82853298
sample_017,15,ecg_class_positive,-0.82657129
sample_017,16,ecg_class_positive,-0.97349672
sample_017,17,ecg_class_positive,-1.1701115
sample_017,18,ecg_class_positive,-1.1505492
sample_017,19,ecg_class_positive,-1.2575322
sample_017,20,ecg_class_positive,-1.4203531
sample_017,21,ecg_class_positive,-1.48459
sample_017,22,ecg_class_positive,-1.4657847
sample_017,23,ecg_class_positive,-1.3779393
sample_017,24,ecg_class_positive,-1.6042484
sample_017,25,ecg_class_positive,-1.7756386
sample_017,26,ecg_class_positive,-1.7615261
sample_017,27,ecg_class_positive,-2.0809162
sample_017,28,ecg_class_positive,-2.227107
sample_017,29,ecg_class_positive,-1.957896
sample_017,30,ecg_class_positive,-2.1089526
sample_017,31,ecg_class_positive,-1.89408
sample_017,32,ecg_class_positive,-1.8003226
sample_017,33,ecg_class_positive,-1.464235
sample_017,34,ecg_class_positive,-1.0480598
sample_017,35,ecg_class_positive,-0.89517518
sample_017,36,ecg_class_positive,-0.49069907
sample_017,37,ecg_class_positive,-0.017316799
sample_017,38,ecg_class_positive,0.20345441
sample_017,39,ecg_class_positive,0.27883112
sample_017,40,ecg_class_positive,0.67502424
sample_017,41,ecg_class_positive,0.65510886
sample_017,42,ecg_class_positive,0.68048762
sample_017,43,ecg_class_positive,0.71907747
sample_017,44,ecg_class_positive,0.72019
sample_017,45,ecg_class_positive,0.65602258
sample_017,46,ecg_class_positive,0.53604253
sample_017,47,ecg_class_positive,0.66836543
sample_017,48,ecg_class_positive,0.68619346
sample_017,49,ecg_class_positive,0.55904631
sample_017,50,ecg_class_positive,0.56085022
sample_017,51,ecg_class_positive,0.65964585
sample_017,52,ecg_class_positive,0.70940886
sample_017,53,ecg_class_positive,0.61547611
sample_017,54,ecg_class_positive,0.63125517
sample_017,55,ecg_class_positive,0.56741509
sample_017,56,ecg_class_positive,0.40070829
sample_017,57,ecg_class_positive,0.45704242
sample_017,58,ecg_class_positive,0.50830249
sample_017,59,ecg_class_positive,0.41179677
sample_017,60,ecg_class_positive,0.40052745
sample_017,61,ecg_class_positive,0.36189013
sample_017,62,ecg_class_positive,0.26791711
sample_017,63,ecg_class_positive,0.32174868
sample_017,64,ecg_class_positive,0.26268828
sample_017,65,ecg_class_positive,0.22581812
sample_017,66,ecg_class_positive,0.25668612
sample_017,67,ecg_class_positive,0.14650693
sample_017,68,ecg_class_positive,0.12344467
sample_017,69,ecg_class_positive,0.10569229
sample_017,70,ecg_class_positive,0.19601456
sample_017,71,ecg_class_positive,0.06434636
sample_017,72,ecg_class_positive,0.08059776
sample_017,73,ecg_class_positive,0.33326736
sample_017,74,ecg_class_positive,0.29294268
sample_017,75,ecg_class_positive,0.38261291
sample_017,76,ecg_class_positive,0.6815076
sample_017,77,ecg_class_positive,0.61509956
sample_017,78,ecg_class_positive,0.32699335
sample_017,79,ecg_class_positive,0.165494
sample_017,80,ecg_class_positive,0.09622552
sample_017,81,ecg_class_positive,0.018381314
sample_017,82,ecg_class_positive,-0.036049008
sample_017,83,ecg_class_positive,-0.022687817
sample_017,84,ecg_class_positive,-0.0061312772
sample_017,85,ecg_class_positive,-0.014322565
sample_017,86,ecg_class_positive,-0.15436469
sample_017,87,ecg_class_positive,-0.017805312
sample_017,88,ecg_class_positive,-0.0075062626
sample_017,89,ecg_class_positive,0.0053624637
sample_017,90,ecg_class_positive,-0.026597446
sample_017,91,ecg_class_positive,-0.048192086
sample_017,92,ecg_class_positive,-0.032347036
sample_017,93,ecg_class_positive,-0.21405366
sample_017,94,ecg_class_positive,0.05603087
sample_017,95,ecg_class_positive,0.14788919
sample_018,0,ecg_class_positive,0.48223006
sample_018,1,ecg_class_positive,0.98683211
sample_018,2,ecg_class_positive,1.4437677
sample_018,3,ecg_class_positive,2.1864284
sample_018,4,ecg_class_positive,2.5175393
sample_018,5,ecg_class_positive,1.878655
sample_018,6,ecg_class_positive,1.0926861
sample_018,7,ecg_class_positive,0.35257487
sample_018,8,ecg_class_positive,-0.29388443
sample_018,9,ecg_class_positive,-0.11538824
sample_018,10,ecg_class_positive,0.32008756
sample_018,11,ecg_class_positive,0.20484042
sample_018,12,ecg_class_positive,0.09906004
sample_018,13,ecg_class_positive,0.22945554
sample_018,14,ecg_class_positive,0.24823268
sample_018,15,ecg_class_positive,0.18641973
sample_018,16,ecg_class_positive,-0.18922971
sample_018,17,ecg_class_positive,-0.53960038
sample_018,18,ecg_class_positive,-0.45736717
sample_018,19,ecg_class_positive,-0.55985517
sample_018,20,ecg_class_positive,-0.68034464
sample_018,21,ecg_class_positive,-0.53120819
sample_018,22,ecg_class_positive,-0.55707366
sample_018,23,ecg_class_positive,-0.70828793
sample_018,24,ecg_class_positive,-0.79252432
sample_018,25,ecg_class_positive,-0.80892495
sample_018,26,ecg_class_positive,-0.89253087
sample_018,27,ecg_class_positive,-1.1835253
sample_018,28,ecg_class_positive,-1.3928976
sample_018,29,ecg_class_positive,-1.4238268
sample_018,30,ecg_class_positive,-1.6533368
sample_018,31,ecg_class_positive,-1.856352
sample_018,32,ecg_class_positive,-1.8704229
sample_018,33,ecg_class_positive,-2.2614426
sample_018,34,ecg_class_positive,-2.453607
sample_018,35,ecg_class_positive,-2.2074149
sample_018,36,ecg_class_positive,-2.2577907
sample_018,37,ecg_class_positive,-2.1794258
sample_018,38,ecg_class_positive,-1.9632911
sample_018,39,ecg_class_positive,-1.8399026
sample_018,40,ecg_class_positive,-1.5235893
sample_018,41,ecg_class_positive,-1.3561556
sample_018,42,ecg_class_positive,-1.0186789
sample_018,43,ecg_class_positive,-0.47368223
sample_018,44,ecg_class_positive,-0.34465464
sample_018,45,ecg_class_positive,-0.17375591
sample_018,46,ecg_class_positive,0.20482204
sample_018,47,ecg_class_positive,0.29904266
sample_018,48,ecg_class_positive,0.31969949
sample_018,49,ecg_class_positive,0.5891394
sample_018,50,ecg_class_positive,0.78199311
sample_018,51,ecg_class_positive,0.65391305
sample_018,52,ecg_class_positive,0.64801647
sample_018,53,ecg_class_positive,0.81655292
sample_018,54,ecg_class_positive,0.78281835
sample_018,55,ecg_class_positive,0.77050817
sample_018,56,ecg_class_positive,0.82553256
sample_018,57,ecg_class_positive,0.67838148
sample_018,58,ecg_class_positive,0.53792373
sample_018,59,ecg_class_positive,0.53594711
sample_018,60,ecg_class_positive,0.56489515
sample_018,61,ecg_class_positive,0.5541468
sample_018,62,ecg_class_positive,0.48341517
sample_018,63,ecg_class_positive,0.43787624
sample_018,64,ecg_class_positive,0.40430356
sample_018,65,ecg_class_positive,0.39575539
sample_018,66,ecg_class_positive,0.48234983
sample_018,67,ecg_class_positive,0.51771464
sample_018,68,ecg_class_positive,0.47598645
sample_018,69,ecg_class_positive,0.53858068
sample_018,70,ecg_class_positive,0.63027485
sample_018,71,ecg_class_positive,0.61814456
sample_018,72,ecg_class_positive,0.6643433
sample_018,73,ecg_class_positive,0.86471428
sample_018,74,ecg_class_positive,1.1087905
sample_018,75,ecg_class_positive,1.2390306
sample_018,76,ecg_class_positive,1.0899692
sample_018,77,ecg_class_positive,0.84222734
sample_018,78,ecg_class_positive,0.93301907
sample_018,79,ecg_class_positive,0.89372385
sample_018,80,ecg_class_positive,0.40913431
sample_018,81,ecg_class_positive,0.29969234
sample_018,82,ecg_class_positive,0.35868333
sample_018,83,ecg_class_positive,0.16955164
sample_018,84,ecg_class_positive,0.28576098
sample_018,85,ecg_class_positive,0.32195206
sample_018,86,ecg_class_positive,0.033172873
sample_018,87,ecg_class_positive,0.0068894041
sample_018,88,ecg_class_positive,-0.057385843
sample_018,89,ecg_class_positive,-0.30633237
sample_018,90,ecg_class_positive,-0.06741053
sample_018,91,ecg_class_positive,0.22519356
sample_018,92,ecg_class_positive,0.06938688
sample_018,93,ecg_class_positive,0.058976001
sample_018,94,ecg_class_positive,0.20719931
sample_018,95,ecg_class_positive,0.13314702
sample_019,0,ecg_class_positive,0.27482721
sample_019,1,ecg_class_positive,0.48103668
sample_019,2,ecg_class_positive,0.91926414
sample_019,3,ecg_class_positive,1.5386127
sample_019,4,ecg_class_positive,2.0466195
sample_019,5,ecg_class_positive,2.2471427
sample_019,6,ecg_class_positive,1.8813336
sample_019,7,ecg_class_positive,1.2234635
sample_019,8,ecg_class_positive,0.58100914
sample_019,9,ecg_class_positive,-0.013895524
sample_019,10,ecg_class_positive,0.075209638
sample_019,11,ecg_class_positive,0.32472237
sample_019,12,ecg_class_positive,-0.0998377
sample_019,13,ecg_class_positive,-0.16934754
sample_019,14,ecg_class_positive,0.0027368262
sample_019,15,ecg_class_positive,-0.068218734
sample_019,16,ecg_class_positive,-0.26885261
sample_019,17,ecg_class_positive,-0.87451394
sample_019,18,ecg_class_positive,-0.96353972
sample_019,19,ecg_class_positive,-0.63926924
sample_019,20,ecg_class_positive,-0.97817777
sample_019,21,ecg_class_positive,-1.0722797
sample_019,22,ecg_class_positive,-0.84334825
sample_019,23,ecg_class_positive,-1.1584434
sample_019,24,ecg_class_positive,-1.2610084
sample_019,25,ecg_class_positive,-1.1861971
sample_019,26,ecg_class_positive,-1.4552122
sample_019,27,ecg_class_positive,-1.6929553
sample_019,28,ecg_class_positive,-1.9015054
sample_019,29,ecg_class_positive,-1.681844
sample_019,30,ecg_class_positive,-1.5709794
sample_019,31,ecg_class_positive,-2.0163766
sample_019,32,ecg_class_positive,-2.1418538
sample_019,33,ecg_class_positive,-2.0269626
sample_019,34,ecg_class_positive,-1.9896808
sample_019,35,ecg_class_positive,-1.815479
sample_019,36,ecg_class_positive,-2.0673586
sample_019,37,ecg_class_positive,-2.1749792
sample_019,38,ecg_class_positive,-1.5897112
sample_019,39,ecg_class_positive,-1.3725735
sample_019,40,ecg_class_positive,-1.2477559
sample_019,41,ecg_class_positive,-0.88125119
sample_019,42,ecg_class_positive,-0.6872476
sample_019,43,ecg_class_positive,-0.40212389
sample_019,44,ecg_class_positive,-0.20059631
sample_019,45,ecg_class_positive,-0.071597842
sample_019,46,ecg_class_positive,0.031612797
sample_019,47,ecg_class_positive,0.080364427
sample_019,48,ecg_class_positive,0.21287398
sample_019,49,ecg_class_positive,0.3354064
sample_019,50,ecg_class_positive,0.47743425
sample_019,51,ecg_class_positive,0.53826973
sample_019,52,ecg_class_positive,0.48987919
sample_019,53,ecg_class_positive,0.51794475
sample_019,54,ecg_class_positive,0.53220601
sample_019,55,ecg_class_positive,0.48414343
sample_019,56,ecg_class_positive,0.48955919
sample_019,57,ecg_class_positive,0.51085975
sample_019,58,ecg_class_positive,0.42388961
sample_019,59,ecg_class_positive,0.49546141
sample_019,60,ecg_class_positive,0.7047736
sample_019,61,ecg_class_positive,0.56084504
sample_019,62,ecg_class_positive,0.43955004
sample_019,63,ecg_class_positive,0.58182821
sample_019,64,ecg_class_positive,0.61366758
sample_019,65,ecg_class_positive,0.63757675
sample_019,66,ecg_class_positive,0.66634325
sample_019,67,ecg_class_positive,0.63429892
sample_019,68,ecg_class_positive,0.65031586
sample_019,69,ecg_class_positive,0.70749353
sample_019,70,ecg_class_positive,0.76192815
sample_019,71,ecg_class_positive,0.75524205
sample_019,72,ecg_class_positive,0.78469797
sample_019,73,ecg_class_positive,0.9191244
sample_019,74,ecg_class_positive,0.96093655
sample_019,75,ecg_class_positive,0.91454644
sample_019,76,ecg_class_positive,0.99706479
sample_019,77,ecg_class_positive,1.0213727
sample_019,78,ecg_class_positive,0.83071642
sample_019,79,ecg_class_positive,0.75422812
sample_019,80,ecg_class_positive,0.73992558
sample_019,81,ecg_class_positive,0.53291993
sample_019,82,ecg_class_positive,0.44239105
sample_019,83,ecg_class_positive,0.50658326
sample_019,84,ecg_class_positive,0.44782721
sample_019,85,ecg_class_positive,0.42828057
sample_019,86,ecg_class_positive,0.43737808
sample_019,87,ecg_class_positive,0.3422193
sample_019,88,ecg_class_positive,0.38030214
sample_019,89,ecg_class_positive,0.36825288
sample_019,90,ecg_class_positive,0.25368051
sample_019,91,ecg_class_positive,0.29288411
sample_019,92,ecg_class_positive,0.29816396
sample_019,93,ecg_class_positive,0.3171801
sample_019,94,ecg_class_positive,0.42303507
sample_019,95,ecg_class_positive,0.26151674
sample_020,0,ecg_class_positive,-0.70630453
sample_020,1,ecg_class_positive,-0.22618127
sample_020,2,ecg_class_positive,0.21619952
sample_020,3,ecg_class_positive,-0.31772657
sample_020,4,ecg_class_positive,-0.64897192
sample_020,5,ecg_class_positive,-1.2193491
sample_020,6,ecg_class_positive,-1.524295
sample_020,7,ecg_class_positive,-1.5080601
sample_020,8,ecg_class_positive,-1.5508989
sample_020,9,ecg_class_positive,-1.6004537
sample_020,10,ecg_class_positive,-1.6891668
sample_020,11,ecg_class_positive,-1.3953936
sample_020,12,ecg_class_positive,-1.4708313
sample_020,13,ecg_class_positive,-1.5817696
sample_020,14,ecg_class_positive,-1.3080662
sample_020,15,ecg_class_positive,-1.3220377
sample_020,16,ecg_class_positive,-1.3201542
sample_020,17,ecg_class_positive,-1.3945806
sample_020,18,ecg_class_positive,-1.2384409
sample_020,19,ecg_class_positive,-1.3179835
sample_020,20,ecg_class_positive,-1.4283442
sample_020,21,ecg_class_positive,-1.3303188
sample_020,22,ecg_class_positive,-1.3595008
sample_020,23,ecg_class_positive,-1.3505409
sample_020,24,ecg_class_positive,-1.4492425
sample_020,25,ecg_class_positive,-1.4248941
sample_020,26,ecg_class_positive,-1.2990896
sample_020,27,ecg_class_positive,-1.1066066
sample_020,28,ecg_class_positive,-0.97070858
sample_020,29,ecg_class_positive,-0.78746971
sample_020,30,ecg_class_positive,-0.40474516
sample_020,31,ecg_class_positive,-0.23162907
sample_020,32,ecg_class_positive,-0.067758632
sample_020,33,ecg_class_positive,0.14492215
sample_020,34,ecg_class_positive,0.42255456
sample_020,35,ecg_class_positive,0.53402642
sample_020,36,ecg_class_positive,0.35755296
sample_020,37,ecg_class_positive,0.52821483
sample_020,38,ecg_class_positive,0.4617568
sample_020,39,ecg_class_positive,0.36351216
sample_020,40,ecg_class_positive,0.313566
sample_020,41,ecg_class_positive,-0.023153428
sample_020,42,ecg_class_positive,0.2423185
sample_020,43,ecg_class_positive,-0.0023966644
sample_020,44,ecg_class_positive,0.0079621215
sample_020,45,ecg_class_positive,0.025180826
sample_020,46,ecg_class_positive,-0.046041074
sample_020,47,ecg_class_positive,0.31519173
sample_020,48,ecg_class_positive,0.21896092
sample_020,49,ecg_class_positive,0.30766391
sample_020,50,ecg_class_positive,0.53138597
sample_020,51,ecg_class_positive,0.41760631
sample_020,52,ecg_class_positive,0.48482066
sample_020,53,ecg_class_positive,0.56905186
sample_020,54,ecg_class_positive,0.70470753
sample_020,55,ecg_class_positive,0.67666848
sample_020,56,ecg_class_positive,0.63186926
sample_020,57,ecg_class_positive,0.80665436
sample_020,58,ecg_class_positive,0.67985002
sample_020,59,ecg_class_positive,0.57379448
sample_020,60,ecg_class_positive,0.69169559
sample_020,61,ecg_class_positive,0.70951523
sample_020,62,ecg_class_positive,0.68260676
sample_020,63,ecg_class_positive,0.60653853
sample_020,64,ecg_class_positive,0.62393644
sample_020,65,ecg_class_positive,0.53698955
sample_020,66,ecg_class_positive,0.79352766
sample_020,67,ecg_class_positive,1.1080892
sample_020,68,ecg_class_positive,1.0154766
sample_020,69,ecg_class_positive,1.1737391
sample_020,70,ecg_class_positive,0.67925679
sample_020,71,ecg_class_positive,0.57059741
sample_020,72,ecg_class_positive,0.48242833
sample_020,73,ecg_class_positive,0.33532385
sample_020,74,ecg_class_positive,0.415497
sample_020,75,ecg_class_positive,0.26353051
sample_020,76,ecg_class_positive,0.26492582
sample_020,77,ecg_class_positive,0.19964877
sample_020,78,ecg_class_positive,0.22967746
sample_020,79,ecg_class_positive,0.32640105
sample_020,80,ecg_class_positive,0.20278218
sample_020,81,ecg_class_positive,0.18153191
sample_020,82,ecg_class_positive,0.23192633
sample_020,83,ecg_class_positive,0.38609804
sample_020,84,ecg_class_positive,0.26526622
sample_020,85,ecg_class_positive,0.24689965
sample_020,86,ecg_class_positive,0.33816714
sample_020,87,ecg_class_positive,0.12088731
sample_020,88,ecg_class_positive,0.33196993
sample_020,89,ecg_class_positive,0.64158999
sample_020,90,ecg_class_positive,1.5313945
sample_020,91,ecg_class_positive,3.12484
sample_020,92,ecg_class_positive,3.3320526
sample_020,93,ecg_class_positive,2.6537407
sample_020,94,ecg_class_positive,1.1553846
sample_020,95,ecg_class_positive,-0.36681942
sample_021,0,ecg_class_positive,0.98754646
sample_021,1,ecg_class_positive,2.8132911
sample_021,2,ecg_class_positive,3.8502628
sample_021,3,ecg_class_positive,2.3797891
sample_021,4,ecg_class_positive,1.6998137
sample_021,5,ecg_class_positive,0.078576335
sample_021,6,ecg_class_positive,-0.59667118
sample_021,7,ecg_class_positive,0.82701885
sample_021,8,ecg_class_positive,0.87119579
sample_021,9,ecg_class_positive,0.80990883
sample_021,10,ecg_class_positive,0.84297108
sample_021,11,ecg_class_positive,0.60561297
sample_021,12,ecg_class_positive,0.089042884
sample_021,13,ecg_class_positive,-0.59212075
sample_021,14,ecg_class_positive,-0.64018804
sample_021,15,ecg_class_positive,-0.58381473
sample_021,16,ecg_class_positive,-1.021813
sample_021,17,ecg_class_positive,-0.87248309
sample_021,18,ecg_class_positive,-0.97818045
sample_021,19,ecg_class_positive,-1.0883289
sample_021,20,ecg_class_positive,-1.0609642
sample_021,21,ecg_class_positive,-1.2332062
sample_021,22,ecg_class_positive,-1.3973797
sample_021,23,ecg_class_positive,-1.4201622
sample_021,24,ecg_class_positive,-1.2854148
sample_021,25,ecg_class_positive,-1.6192753
sample_021,26,ecg_class_positive,-1.6767422
sample_021,27,ecg_class_positive,-1.5017018
sample_021,28,ecg_class_positive,-1.6669005
sample_021,29,ecg_class_positive,-1.8556772
sample_021,30,ecg_class_positive,-1.9268678
sample_021,31,ecg_class_positive,-1.5274143
sample_021,32,ecg_class_positive,-1.6123279
sample_021,33,ecg_class_positive,-1.6619347
sample_021,34,ecg_class_positive,-1.2214505
sample_021,35,ecg_class_positive,-1.0313656
sample_021,36,ecg_class_positive,-0.56222713
sample_021,37,ecg_class_positive,-0.14094272
sample_021,38,ecg_class_positive,-0.044415415
sample_021,39,ecg_class_positive,0.40790194
sample_021,40,ecg_class_positive,0.64344005
sample_021,41,ecg_class_positive,0.52700599
sample_021,42,ecg_class_positive,0.96391793
sample_021,43,ecg_class_positive,1.1173067
sample_021,44,ecg_class_positive,0.86714949
sample_021,45,ecg_class_positive,1.1099007
sample_021,46,ecg_class_positive,0.94822195
sample_021,47,ecg_class_positive,0.90597994
sample_021,48,ecg_class_positive,0.80929904
sample_021,49,ecg_class_positive,0.8630134
sample_021,50,ecg_class_positive,0.76800848
sample_021,51,ecg_class_positive,0.57859233
sample_021,52,ecg_class_positive,0.83727355
sample_021,53,ecg_class_positive,0.42243563
sample_021,54,ecg_class_positive,0.55999064
sample_021,55,ecg_class_positive,0.74246549
sample_021,56,ecg_class_positive,0.55067561
sample_021,57,ecg_class_positive,0.52511349
sample_021,58,ecg_class_positive,0.63924848
sample_021,59,ecg_class_positive,0.47647589
sample_021,60,ecg_class_positive,0.39718967
sample_021,61,ecg_class_positive,0.54513339
sample_021,62,ecg_class_positive,0.3330331
sample_021,63,ecg_class_positive,0.36683921
sample_021,64,ecg_class_positive,0.44647151
sample_021,65,ecg_class_positive,0.078466812
sample_021,66,ecg_class_positive,0.20627515
sample_021,67,ecg_class_positive,0.33430092
sample_021,68,ecg_class_positive,0.10823433
sample_021,69,ecg_class_positive,0.0034538347
sample_021,70,ecg_class_positive,0.028080629
sample_021,71,ecg_class_positive,0.28769202
sample_021,72,ecg_class_positive,0.24131422
sample_021,73,ecg_class_positive,0.69449025
sample_021,74,ecg_class_positive,0.67393263
sample_021,75,ecg_class_positive,0.49159487
sample_021,76,ecg_class_positive,0.5070639
sample_021,77,ecg_class_positive,0.10098599
sample_021,78,ecg_class_positive,0.25562729
sample_021,79,ecg_class_positive,-0.080152137
sample_021,80,ecg_class_positive,-0.40710484
sample_021,81,ecg_class_positive,-0.17139404
sample_021,82,ecg_class_positive,-0.44053475
sample_021,83,ecg_class_positive,-0.32062696
sample_021,84,ecg_class_positive,-0.37312979
sample_021,85,ecg_class_positive,-0.42548927
sample_021,86,ecg_class_positive,-0.24189468
sample_021,87,ecg_class_positive,-0.69143558
sample_021,88,ecg_class_positive,-0.40364135
sample_021,89,ecg_class_positive,-0.29384537
sample_021,90,ecg_class_positive,-0.5591784
sample_021,91,ecg_class_positive,-0.19439362
sample_021,92,ecg_class_positive,-0.55988427
sample_021,93,ecg_class_positive,-0.70637758
sample_021,94,ecg_class_positive,-0.30707688
sample_021,95,ecg_class_positive,-0.22249628
sample_022,0,ecg_class_positive,2.2487902
sample_022,1,ecg_class_positive,3.5350384
sample_022,2,ecg_class_positive,2.8882737
sample_022,3,ecg_class_positive,2.7209197
sample_022,4,ecg_class_positive,0.86212017
sample_022,5,ecg_class_positive,0.3755771
sample_022,6,ecg_class_positive,1.6392038
sample_022,7,ecg_class_positive,1.2831241
sample_022,8,ecg_class_positive,1.1570711
sample_022,9,ecg_class_positive,1.1850721
sample_022,10,ecg_class_positive,0.59537694
sample_022,11,ecg_class_positive,-0.05150871
sample_022,12,ecg_class_positive,-0.43380888
sample_022,13,ecg_class_positive,-0.37916601
sample_022,14,ecg_class_positive,-0.52318316
sample_022,15,ecg_class_positive,-0.71830401
sample_022,16,ecg_class_positive,-0.71356612
sample_022,17,ecg_class_positive,-0.82040631
sample_022,18,ecg_class_positive,-0.85969474
sample_022,19,ecg_class_positive,-1.0077108
sample_022,20,ecg_class_positive,-1.1345552
sample_022,21,ecg_class_positive,-1.0714557
sample_022,22,ecg_class_positive,-1.1277623
sample_022,23,ecg_class_positive,-1.3159615
sample_022,24,ecg_class_positive,-1.5013693
sample_022,25,ecg_class_positive,-1.5051951
sample_022,26,ecg_class_positive,-1.6538586
sample_022,27,ecg_class_positive,-1.8809025
sample_022,28,ecg_class_positive,-1.8100991
sample_022,29,ecg_class_positive,-1.8814254
sample_022,30,ecg_class_positive,-1.9864112
sample_022,31,ecg_class_positive,-1.9802986
sample_022,32,ecg_class_positive,-1.7677252
sample_022,33,ecg_class_positive,-1.4316559
sample_022,34,ecg_class_positive,-1.2489468
sample_022,35,ecg_class_positive,-0.92451407
sample_022,36,ecg_class_positive,-0.49763379
sample_022,37,ecg_class_positive,-0.15127407
sample_022,38,ecg_class_positive,0.19643811
sample_022,39,ecg_class_positive,0.36145691
sample_022,40,ecg_class_positive,0.52481618
sample_022,41,ecg_class_positive,0.78185211
sample_022,42,ecg_class_positive,0.85574991
sample_022,43,ecg_class_positive,0.86800457
sample_022,44,ecg_class_positive,0.82624508
sample_022,45,ecg_class_positive,0.78078015
sample_022,46,ecg_class_positive,0.72518763
sample_022,47,ecg_class_positive,0.65159462
sample_022,48,ecg_class_positive,0.65550067
sample_022,49,ecg_class_positive,0.52495374
sample_022,50,ecg_class_positive,0.56875127
sample_022,51,ecg_class_positive,0.72005592
sample_022,52,ecg_class_positive,0.5729603
sample_022,53,ecg_class_positive,0.50084141
sample_022,54,ecg_class_positive,0.49535629
sample_022,55,ecg_class_positive,0.51489919
sample_022,56,ecg_class_positive,0.5163807
sample_022,57,ecg_class_positive,0.40598206
sample_022,58,ecg_class_positive,0.42214327
sample_022,59,ecg_class_positive,0.41079177
sample_022,60,ecg_class_positive,0.3194716
sample_022,61,ecg_class_positive,0.31647894
sample_022,62,ecg_class_positive,0.30740853
sample_022,63,ecg_class_positive,0.25230219
sample_022,64,ecg_class_positive,0.098817208
sample_022,65,ecg_class_positive,0.058965974
sample_022,66,ecg_class_positive,0.14112748
sample_022,67,ecg_class_positive,0.074438681
sample_022,68,ecg_class_positive,0.010571305
sample_022,69,ecg_class_positive,0.018008545
sample_022,70,ecg_class_positive,0.06032822
sample_022,71,ecg_class_positive,-0.0052835382
sample_022,72,ecg_class_positive,-0.039992762
sample_022,73,ecg_class_positive,0.085052042
sample_022,74,ecg_class_positive,0.23214528
sample_022,75,ecg_class_positive,0.38484877
sample_022,76,ecg_class_positive,0.40289912
sample_022,77,ecg_class_positive,0.39355616
sample_022,78,ecg_class_positive,0.24032629
sample_022,79,ecg_class_positive,0.053103837
sample_022,80,ecg_class_positive,-0.015459353
sample_022,81,ecg_class_positive,-0.19510253
sample_022,82,ecg_class_positive,-0.19249284
sample_022,83,ecg_class_positive,-0.34953564
sample_022,84,ecg_class_positive,-0.43444403
sample_022,85,ecg_class_positive,-0.23053023
sample_022,86,ecg_class_positive,-0.27959324
sample_022,87,ecg_class_positive,-0.39912965
sample_022,88,ecg_class_positive,-0.35639212
sample_022,89,ecg_class_positive,-0.25185433
sample_022,90,ecg_class_positive,-0.31717097
sample_022,91,ecg_class_positive,-0.35169056
sample_022,92,ecg_class_positive,-0.25222444
sample_022,93,ecg_class_positive,-0.2754384
sample_022,94,ecg_class_positive,-0.29134662
sample_022,95,ecg_class_positive,-0.20508485
sample_023,0,ecg_class_positive,0.31930911
sample_023,1,ecg_class_positive,2.0916954
sample_023,2,ecg_class_positive,3.4437763
sample_023,3,ecg_class_positive,2.2330166
sample_023,4,ecg_class_positive,2.3024139
sample_023,5,ecg_class_positive,0.62160769
sample_023,6,ecg_class_positive,-0.88666448
sample_023,7,ecg_class_positive,0.24808104
sample_023,8,ecg_class_positive,0.49880185
sample_023,9,ecg_class_positive,-0.098005224
sample_023,10,ecg_class_positive,-0.030765777
sample_023,11,ecg_class_positive,0.34472022
sample_023,12,ecg_class_positive,-0.38987174
sample_023,13,ecg_class_positive,-0.62012368
sample_023,14,ecg_class_positive,-1.0453047
sample_023,15,ecg_class_positive,-1.0410438
sample_023,16,ecg_class_positive,-0.61869683
sample_023,17,ecg_class_positive,-1.1784057
sample_023,18,ecg_class_positive,-1.1975206
sample_023,19,ecg_class_positive,-1.0880619
sample_023,20,ecg_class_positive,-1.3816531
sample_023,21,ecg_class_positive,-1.2971845
sample_023,22,ecg_class_positive,-1.3249303
sample_023,23,ecg_class_positive,-1.501298
sample_023,24,ecg_class_positive,-1.6616468
sample_023,25,ecg_class_positive,-1.8333884
sample_023,26,ecg_class_positive,-1.8141706
sample_023,27,ecg_class_positive,-1.6741169
sample_023,28,ecg_class_positive,-1.8588047
sample_023,29,ecg_class_positive,-1.9986341
sample_023,30,ecg_class_positive,-2.0455699
sample_023,31,ecg_class_positive,-1.8967705
sample_023,32,ecg_class_positive,-1.6343955
sample_023,33,ecg_class_positive,-1.3429893
sample_023,34,ecg_class_positive,-1.1656694
sample_023,35,ecg_class_positive,-0.90722241
sample_023,36,ecg_class_positive,-0.5020325
sample_023,37,ecg_class_positive,-0.1439111
sample_023,38,ecg_class_positive,0.20306092
sample_023,39,ecg_class_positive,0.6738644
sample_023,40,ecg_class_positive,0.70463673
sample_023,41,ecg_class_positive,0.63686847
sample_023,42,ecg_class_positive,1.1166565
sample_023,43,ecg_class_positive,0.66957454
sample_023,44,ecg_class_positive,1.1391991
sample_023,45,ecg_class_positive,1.2432912
sample_023,46,ecg_class_positive,0.77798058
sample_023,47,ecg_class_positive,0.93665667
sample_023,48,ecg_class_positive,0.70713413
sample_023,49,ecg_class_positive,0.88868946
sample_023,50,ecg_class_positive,0.9200951
sample_023,51,ecg_class_positive,0.74580973
sample_023,52,ecg_class_positive,0.65805635
sample_023,53,ecg_class_positive,0.4053932
sample_023,54,ecg_class_positive,0.82966271
sample_023,55,ecg_class_positive,0.74840541
sample_023,56,ecg_class_positive,0.5809532
sample_023,57,ecg_class_positive,0.62708381
sample_023,58,ecg_class_positive,0.48055791
sample_023,59,ecg_class_positive,0.56559193
sample_023,60,ecg_class_positive,0.6678784
sample_023,61,ecg_class_positive,0.56885552
sample_023,62,ecg_class_positive,0.45093787
sample_023,63,ecg_class_positive,0.4585795
sample_023,64,ecg_class_positive,0.38092638
sample_023,65,ecg_class_positive,0.34950893
sample_023,66,ecg_class_positive,0.39879126
sample_023,67,ecg_class_positive,0.22800942
sample_023,68,ecg_class_positive,0.14285328
sample_023,69,ecg_class_positive,0.10983773
sample_023,70,ecg_class_positive,0.20422445
sample_023,71,ecg_class_positive,0.10185956
sample_023,72,ecg_class_positive,0.27016878
sample_023,73,ecg_class_positive,0.45458897
sample_023,74,ecg_class_positive,0.68958872
sample_023,75,ecg_class_positive,0.92953394
sample_023,76,ecg_class_positive,0.50570993
sample_023,77,ecg_class_positive,0.36376327
sample_023,78,ecg_class_positive,0.44699331
sample_023,79,ecg_class_positive,0.29017508
sample_023,80,ecg_class_positive,0.040298406
sample_023,81,ecg_class_positive,-0.20253657
sample_023,82,ecg_class_positive,-0.083446265
sample_023,83,ecg_class_positive,-0.15863462
sample_023,84,ecg_class_positive,-0.042542894
sample_023,85,ecg_class_positive,-0.19342755
sample_023,86,ecg_class_positive,-0.16064206
sample_023,87,ecg_class_positive,-0.20791505
sample_023,88,ecg_class_positive,-0.16577684
sample_023,89,ecg_class_positive,-0.18602181
sample_023,90,ecg_class_positive,-0.18400319
sample_023,91,ecg_class_positive,-0.02605305
sample_023,92,ecg_class_positive,-0.27751489
sample_023,93,ecg_class_positive,-0.12845581
sample_023,94,ecg_class_positive,-0.042731837
sample_023,95,ecg_class_positive,-0.17717182
sample_024,0,ecg_class_positive,0.6303957
sample_024,1,ecg_class_positive,2.1919773
sample_024,2,ecg_class_positive,3.5209004
sample_024,3,ecg_class_positive,2.7300388
sample_024,4,ecg_class_positive,2.1389401
sample_024,5,ecg_class_positive,0.56072695
sample_024,6,ecg_class_positive,-0.67853152
sample_024,7,ecg_class_positive,0.73745468
sample_024,8,ecg_class_positive,1.1284541
sample_024,9,ecg_class_positive,0.61621496
sample_024,10,ecg_class_positive,0.95796663
sample_024,11,ecg_class_positive,0.84746895
sample_024,12,ecg_class_positive,-0.0042978538
sample_024,13,ecg_class_positive,-0.49077663
sample_024,14,ecg_class_positive,-0.53657841
sample_024,15,ecg_class_positive,-0.75626983
sample_024,16,ecg_class_positive,-0.8623727
sample_024,17,ecg_class_positive,-0.92217942
sample_024,18,ecg_class_positive,-0.91724381
sample_024,19,ecg_class_positive,-1.0339617
sample_024,20,ecg_class_positive,-1.0888734
sample_024,21,ecg_class_positive,-1.1075535
sample_024,22,ecg_class_positive,-1.1772523
sample_024,23,ecg_class_positive,-1.3366449
sample_024,24,ecg_class_positive,-1.5629357
sample_024,25,ecg_class_positive,-1.4416866
sample_024,26,ecg_class_positive,-1.5250047
sample_024,27,ecg_class_positive,-1.807127
sample_024,28,ecg_class_positive,-1.9284675
sample_024,29,ecg_class_positive,-1.9496758
sample_024,30,ecg_class_positive,-1.819808
sample_024,31,ecg_class_positive,-1.7579563
sample_024,32,ecg_class_positive,-1.7316727
sample_024,33,ecg_class_positive,-1.674876
sample_024,34,ecg_class_positive,-1.3019642
sample_024,35,ecg_class_positive,-1.0401643
sample_024,36,ecg_class_positive,-0.7638732
sample_024,37,ecg_class_positive,-0.34104548
sample_024,38,ecg_class_positive,-0.16280014
sample_024,39,ecg_class_positive,0.24012595
sample_024,40,ecg_class_positive,0.31242077
sample_024,41,ecg_class_positive,0.53646954
sample_024,42,ecg_class_positive,1.0895203
sample_024,43,ecg_class_positive,0.83278792
sample_024,44,ecg_class_positive,0.81900637
sample_024,45,ecg_class_positive,0.90212204
sample_024,46,ecg_class_positive,0.79193508
sample_024,47,ecg_class_positive,0.88963177
sample_024,48,ecg_class_positive,0.77246854
sample_024,49,ecg_class_positive,0.7469912
sample_024,50,ecg_class_positive,0.66540339
sample_024,51,ecg_class_positive,0.52013208
sample_024,52,ecg_class_positive,0.7012037
sample_024,53,ecg_class_positive,0.82642646
sample_024,54,ecg_class_positive,0.66509135
sample_024,55,ecg_class_positive,0.42308822
sample_024,56,ecg_class_positive,0.68346718
sample_024,57,ecg_class_positive,0.7785762
sample_024,58,ecg_class_positive,0.36476564
sample_024,59,ecg_class_positive,0.65740999
sample_024,60,ecg_class_positive,0.90881109
sample_024,61,ecg_class_positive,0.72742986
sample_024,62,ecg_class_positive,0.4116391
sample_024,63,ecg_class_positive,0.24151131
sample_024,64,ecg_class_positive,0.41591219
sample_024,65,ecg_class_positive,0.32387831
sample_024,66,ecg_class_positive,0.27553765
sample_024,67,ecg_class_positive,0.20409279
sample_024,68,ecg_class_positive,0.22254801
sample_024,69,ecg_class_positive,0.31690479
sample_024,70,ecg_class_positive,0.084497126
sample_024,71,ecg_class_positive,0.35334228
sample_024,72,ecg_class_positive,0.37652863
sample_024,73,ecg_class_positive,0.65982328
sample_024,74,ecg_class_positive,0.81620248
sample_024,75,ecg_class_positive,0.68012713
sample_024,76,ecg_class_positive,0.31022602
sample_024,77,ecg_class_positive,-0.20623397
sample_024,78,ecg_class_positive,0.030208269
sample_024,79,ecg_class_positive,0.094015152
sample_024,80,ecg_class_positive,-0.10082389
sample_024,81,ecg_class_positive,-0.28888674
sample_024,82,ecg_class_positive,-0.26615541
sample_024,83,ecg_class_positive,-0.15192877
sample_024,84,ecg_class_positive,-0.4778374
sample_024,85,ecg_class_positive,-0.22496145
sample_024,86,ecg_class_positive,-0.27264759
sample_024,87,ecg_class_positive,-0.484068
sample_024,88,ecg_class_positive,-0.51663144
sample_024,89,ecg_class_positive,-0.57430419
sample_024,90,ecg_class_positive,-0.1411563
sample_024,91,ecg_class_positive,-0.44795985
sample_024,92,ecg_class_positive,-0.73801942
sample_024,93,ecg_class_positive,-0.39860496
sample_024,94,ecg_class_positive,-0.48868911
sample_024,95,ecg_class_positive,-0.23231543
