sample_id,time,label,watch_axis_1,watch_axis_2,watch_axis_3,watch_axis_4,watch_axis_5,watch_axis_6
sample_001,0,Badminton,-0.771623,0.372042,-0.145753,-0.03196,0.167792,-0.362219
sample_001,1,Badminton,-0.771623,0.372042,-0.145753,-0.03196,0.167792,-0.362219
sample_001,2,Badminton,-2.323824,-0.296031,1.715016,0.383526,0.22905,-0.239704
sample_001,3,Badminton,-2.752338,-2.830068,1.941302,0.732428,0.378199,0.684487
sample_001,4,Badminton,-2.45097,-4.69772,1.272646,0.047941,-0.386189,1.890995
sample_001,5,Badminton,-0.93746,1.649246,-1.076785,1.238468,-0.053267,2.772571
sample_001,6,Badminton,6.28485,-10.179129,-5.852981,1.440885,-0.290308,2.791215
sample_001,7,Badminton,2.756402,-6.056571,-6.618349,2.591461,-1.651291,3.728722
sample_001,8,Badminton,2.756402,-6.056571,-6.618349,2.591461,-1.651291,3.728722
sample_001,9,Badminton,3.242334,2.908353,-2.03265,3.297255,-1.038715,3.433087
sample_001,10,Badminton,3.918814,0.015999,-5.762189,2.00552,-1.416914,2.801868
sample_001,11,Badminton,6.635823,-2.268551,-3.465497,2.458293,-1.214498,3.126799
sample_001,12,Badminton,10.507528,11.053983,1.051774,3.920484,-0.982784,3.206701
sample_001,13,Badminton,18.195707,9.897648,19.523338,-5.182923,-9.862469,-18.07631
sample_001,14,Badminton,18.195707,9.897648,19.523338,-5.182923,-9.862469,-18.07631
sample_001,15,Badminton,22.839943,-15.801662,-22.686333,0.934844,3.369166,-1.238468
sample_001,16,Badminton,8.25415,-1.409894,-4.241193,3.976415,-1.094646,3.611533
sample_001,17,Badminton,6.191095,-0.533316,0.04372,-2.418342,-2.082757,2.104064
sample_001,18,Badminton,4.126677,-0.188722,5.157976,-1.083993,-2.082757,0.444783
sample_001,19,Badminton,9.430202,-6.701498,10.438023,-4.375921,-2.793878,-0.817655
sample_001,20,Badminton,7.155105,3.838126,1.647816,-4.716833,4.373258,-1.691242
sample_001,21,Badminton,10.015716,11.773987,-5.31261,-9.630755,6.746323,-0.532675
sample_001,22,Badminton,0.723938,8.458529,-6.829639,-5.406646,7.02065,4.189485
sample_001,23,Badminton,2.393076,20.208328,-11.204414,-0.88424,1.041379,0.356892
sample_001,24,Badminton,13.640159,16.175755,-11.619837,-3.523642,-0.346238,-3.291929
sample_001,25,Badminton,18.64572,4.411748,-14.041813,-6.685065,-3.917821,-9.367082
sample_001,26,Badminton,28.408508,1.046184,-23.41489,28.772413,-18.467825,-16.254562
sample_001,27,Badminton,13.113796,4.161999,-1.03168,-3.696761,4.234762,4.52507
sample_001,28,Badminton,-0.817106,-4.053085,-5.677286,-2.764581,2.104064,0.242367
sample_001,29,Badminton,1.513932,-5.858306,-0.958039,-1.765816,-2.032153,-0.117188
sample_001,30,Badminton,4.881533,0.089686,3.590258,2.524877,-2.663373,0.807002
sample_001,31,Badminton,6.12257,-2.999184,8.174298,-1.446211,-2.607442,0.215733
sample_001,32,Badminton,2.16431,-1.373159,8.294344,-1.731192,-0.226387,-0.412823
sample_001,33,Badminton,-1.936317,-2.982153,1.134447,-0.791022,0.857606,-0.945497
sample_001,34,Badminton,-1.936317,-2.982153,1.134447,-0.791022,0.857606,-0.945497
sample_001,35,Badminton,11.388661,1.2887,-1.44506,1.989539,-3.235998,0.953487
sample_001,36,Badminton,12.526302,13.140068,6.037934,-1.235805,-11.369937,-6.543906
sample_001,37,Badminton,26.377253,-24.395222,-24.715273,-18.96854,1.651291,-16.851158
sample_001,38,Badminton,26.377253,-24.395222,-24.715273,-18.96854,1.651291,-16.851158
sample_001,39,Badminton,10.016179,-1.612834,-7.209928,4.245416,3.808623,2.69267
sample_001,40,Badminton,-4.5573,5.407068,-4.852511,-1.946925,1.701895,4.05099
sample_001,41,Badminton,2.611873,2.394867,0.7602,-1.608677,-0.825646,1.787123
sample_001,42,Badminton,-2.155444,2.925131,2.554967,-1.065349,-0.761725,0.447447
sample_001,43,Badminton,0.922488,-0.211837,3.813085,-0.894893,-0.125179,-0.476744
sample_001,44,Badminton,0.981861,-1.533917,3.267366,-1.502142,0.545991,-0.090555
sample_001,45,Badminton,-1.178172,1.373394,6.455228,1.294399,1.265102,0.572625
sample_001,46,Badminton,-0.237505,-1.681072,2.378404,0.24503,2.423669,0.926854
sample_001,47,Badminton,1.943103,-3.049399,-1.172371,1.211835,3.281275,2.604778
sample_001,48,Badminton,5.427128,-0.688561,-1.348702,1.249122,3.907167,3.302582
sample_001,49,Badminton,11.92063,9.680872,-6.64932,-2.359748,4.069634,3.63284
sample_001,50,Badminton,16.547655,10.587934,-13.350161,-3.987069,2.207936,-12.326088
sample_001,51,Badminton,28.768162,6.818126,-17.804968,-10.046241,2.514224,-18.598331
sample_001,52,Badminton,18.251947,-9.302156,3.265368,-2.772571,-4.293356,-1.337013
sample_001,53,Badminton,6.00441,-5.30275,6.235881,3.712741,-1.416914,-1.179874
sample_001,54,Badminton,5.468162,-10.080749,2.587838,-0.910873,-0.868259,0.476744
sample_001,55,Badminton,1.850925,-1.228244,2.281856,1.195854,-1.185201,1.073339
sample_001,56,Badminton,1.555283,1.289943,0.40296,-0.021307,-0.498051,0.785695
sample_001,57,Badminton,0.707126,1.300153,-0.02752,0.19709,0.026634,0.756398
sample_001,58,Badminton,1.073684,-0.599698,-1.870216,-0.799012,-0.351565,0.87625
sample_001,59,Badminton,1.760582,-1.925871,-0.733859,1.60335,-1.142587,1.315706
sample_001,60,Badminton,5.337998,-0.689183,2.151858,5.992588,-1.608677,1.390281
sample_001,61,Badminton,5.337998,-0.689183,2.151858,5.992588,-1.608677,1.390281
sample_001,62,Badminton,8.537132,15.138142,-10.838529,7.723781,-1.227815,1.843054
sample_001,63,Badminton,22.979437,-13.349223,-6.092327,-7.606592,-11.103601,-22.169912
sample_001,64,Badminton,12.291254,-15.600651,-9.442748,-2.050797,1.592697,0.844289
sample_001,65,Badminton,12.291254,-15.600651,-9.442748,-2.050797,1.592697,0.844289
sample_001,66,Badminton,4.048561,-3.834363,-2.165632,-3.952445,-0.543328,1.672598
sample_001,67,Badminton,1.610986,-4.414933,-0.349972,-2.932373,-0.767051,0.956151
sample_001,68,Badminton,-1.968335,-7.583013,-2.349172,-3.949781,-0.098545,0.061258
sample_001,69,Badminton,-1.184172,-6.612927,0.706654,-0.852279,-0.593932,-0.386189
sample_001,70,Badminton,3.514402,-5.49696,1.716759,-1.209171,-0.364882,-0.037287
sample_001,71,Badminton,1.87814,-3.604942,-0.000622,-0.937507,0.857606,0.468754
sample_001,72,Badminton,-1.730367,-0.095024,0.04694,-0.050604,2.199946,0.825646
sample_001,73,Badminton,-2.000344,-1.773939,-1.73409,0.934844,1.946925,1.201181
sample_001,74,Badminton,1.511879,-3.590032,2.462246,1.020072,1.869688,1.941599
sample_001,75,Badminton,0.488133,11.866651,-3.46394,-3.068205,5.40132,3.880534
sample_001,76,Badminton,25.47078,12.055592,2.479609,-0.767051,6.850194,-0.721774
sample_001,77,Badminton,21.237553,10.861025,-14.933769,8.450881,9.052803,-10.261974
sample_001,78,Badminton,24.188162,9.061313,-19.657104,34.86621,-12.877406,-1.451538
sample_001,79,Badminton,16.892605,5.31084,-12.544507,-6.911452,2.114718,7.433473
sample_001,80,Badminton,-1.277784,5.239089,-3.294082,1.115953,-0.351565,0.89223
sample_001,81,Badminton,-6.244718,-1.616839,-1.810618,-3.864554,-0.21307,-1.257112
sample_001,82,Badminton,0.000228,1.130109,0.679049,-0.807002,-0.559308,-2.303817
sample_001,83,Badminton,-0.019679,-0.659871,0.224821,-1.163894,0.021307,-1.672598
sample_001,84,Badminton,-0.019679,-0.659871,0.224821,-1.163894,0.021307,-1.672598
sample_001,85,Badminton,1.647268,1.752387,0.388763,-0.487397,-0.189099,-1.507469
sample_001,86,Badminton,1.489048,1.979115,1.145351,-1.368974,0.673833,-2.032153
sample_001,87,Badminton,-0.673188,0.586289,0.30352,0.641873,0.583279,-1.35033
sample_001,88,Badminton,-4.107069,-1.745196,3.171524,1.270429,0.495387,-0.399506
sample_001,89,Badminton,-4.107069,-1.745196,3.171524,1.270429,0.495387,-0.399506
sample_001,90,Badminton,-8.253124,-15.04077,11.071306,0.577952,4.05898,-0.580615
sample_001,91,Badminton,7.416161,-20.660906,-7.682266,2.631412,5.076388,3.952445
sample_001,92,Badminton,7.416161,-20.660906,-7.682266,2.631412,5.076388,3.952445
sample_001,93,Badminton,16.78165,-7.67475,-6.869991,4.013702,1.520786,5.001813
sample_001,94,Badminton,15.836936,1.997124,-6.854812,1.885668,0.378199,4.181495
sample_001,95,Badminton,15.834576,11.69478,-12.528547,-6.442698,-1.608677,-4.615624
sample_001,96,Badminton,29.131315,-21.58309,-20.727003,-5.475894,6.533253,-20.43073
sample_001,97,Badminton,22.862198,-3.74376,5.725987,-2.261203,-4.993824,-4.168178
sample_001,98,Badminton,17.441282,-9.06429,3.068515,-0.897557,-2.285174,-4.237426
sample_001,99,Badminton,7.191927,-11.497003,2.395642,0.556645,-1.318369,-1.099973
sample_002,0,Badminton,0.130669,-0.119724,-1.019916,0.684487,0.290308,0.67916
sample_002,1,Badminton,0.130669,-0.119724,-1.019916,0.684487,0.290308,0.67916
sample_002,2,Badminton,0.068821,-4.083609,5.390252,0.394179,0.617902,1.59536
sample_002,3,Badminton,1.076776,-4.857832,4.578098,1.201181,1.688578,2.042807
sample_002,4,Badminton,1.106951,-4.32575,2.305553,3.462384,2.900413,2.807195
sample_002,5,Badminton,6.979507,-0.916708,-4.870124,2.415679,2.548847,3.441077
sample_002,6,Badminton,6.979507,-0.916708,-4.870124,2.415679,2.548847,3.441077
sample_002,7,Badminton,5.526448,3.759596,-3.648549,1.057359,2.077431,2.466283
sample_002,8,Badminton,12.68751,11.046341,-9.616472,0.431466,0.039951,-6.57853
sample_002,9,Badminton,28.281353,-3.161823,-16.317772,-10.1874,-1.845717,-15.106649
sample_002,10,Badminton,12.212637,-11.366831,-1.65007,-1.954915,-3.169413,-1.749836
sample_002,11,Badminton,2.695508,-8.733141,-1.498496,-0.021307,-4.911259,-0.428803
sample_002,12,Badminton,4.362091,-0.266826,3.283893,1.238468,-5.318755,0.929517
sample_002,13,Badminton,1.439722,1.25177,10.573519,1.060022,-1.414251,2.157332
sample_002,14,Badminton,0.056754,0.965131,3.421475,-0.769715,-0.660516,0.69514
sample_002,15,Badminton,4.681248,3.867685,3.019021,0.372872,-2.074767,-1.307716
sample_002,16,Badminton,9.46049,-4.063008,4.660543,2.000193,-2.876442,-2.860462
sample_002,17,Badminton,4.77813,11.197021,4.93829,8.269772,-3.584899,0.047941
sample_002,18,Badminton,8.705316,14.496245,-10.662457,1.206508,-1.917628,-4.751457
sample_002,19,Badminton,18.696245,-1.259233,7.840405,0.380862,-8.685258,-14.581965
sample_002,20,Badminton,12.417027,-18.405384,1.085396,-4.588991,2.341105,0.972131
sample_002,21,Badminton,4.393882,-3.841191,-4.029026,-7.297641,0.476744,2.482263
sample_002,22,Badminton,-1.603636,-2.537377,1.251869,-3.297255,-0.532675,2.138688
sample_002,23,Badminton,0.53456,-0.36781,8.124569,-2.70865,0.436793,-0.335585
sample_002,24,Badminton,0.202574,-3.084588,8.065849,-0.506041,3.286602,0.796348
sample_002,25,Badminton,0.202574,-3.084588,8.065849,-0.506041,3.286602,0.796348
sample_002,26,Badminton,4.04372,3.597441,-4.245229,0.838962,5.388003,2.572818
sample_002,27,Badminton,8.046962,4.116344,4.558466,-2.559501,2.000193,1.022735
sample_002,28,Badminton,8.046962,4.116344,4.558466,-2.559501,2.000193,1.022735
sample_002,29,Badminton,17.992743,2.755152,1.464685,-3.100166,5.044427,-2.940363
sample_002,30,Badminton,1.4261,1.884197,-1.908821,-0.037287,10.573589,0.364882
sample_002,31,Badminton,6.26541,11.637951,-12.806659,2.655382,0.543328,-4.040336
sample_002,32,Badminton,14.18726,-6.484013,-12.024311,-3.076195,-8.831743,-6.839541
sample_002,33,Badminton,27.20738,-5.847653,0.9319,2.207936,-10.155439,-6.405411
sample_002,34,Badminton,19.991096,1.199543,4.715064,1.398271,1.432895,-2.959007
sample_002,35,Badminton,5.922827,-1.382493,-0.563379,-0.972131,4.804724,-2.604778
sample_002,36,Badminton,0.856757,-1.987644,-3.976503,-0.055931,6.607827,-4.788744
sample_002,37,Badminton,-4.18574,-7.801239,-1.186005,4.815378,-3.230671,-4.791407
sample_002,38,Badminton,-1.499792,-2.975568,5.078182,2.314471,-3.294592,-0.087891
sample_002,39,Badminton,2.69432,1.887507,4.22224,2.0215,-2.508897,0.44212
sample_002,40,Badminton,2.007466,3.75671,0.895839,1.12927,-0.463427,0.165129
sample_002,41,Badminton,-0.894913,0.183339,-1.742833,1.736519,-0.415486,0.01598
sample_002,42,Badminton,-0.609728,-1.732678,-0.966759,0.111862,-0.490061,-0.141159
sample_002,43,Badminton,-0.549298,-0.790295,-1.613194,-0.511368,-0.940171,-0.050604
sample_002,44,Badminton,-0.416216,-1.449561,-0.421453,0.037287,-0.793685,-0.079901
sample_002,45,Badminton,1.622963,-3.603668,2.581924,0.961478,-0.303624,0.394179
sample_002,46,Badminton,-0.81477,-1.247199,-0.456892,1.880341,0.111862,0.799012
sample_002,47,Badminton,-0.187989,-4.552547,0.435422,1.994866,-0.428803,1.281082
sample_002,48,Badminton,6.173616,-4.331738,-1.837682,3.590226,-2.346431,0.668507
sample_002,49,Badminton,10.653095,1.818565,-0.031974,5.02312,-3.662137,0.303624
sample_002,50,Badminton,6.068772,13.419997,-10.940715,3.225344,-5.103022,-4.794071
sample_002,51,Badminton,18.61019,-27.822042,5.933984,-6.82356,3.995059,-1.209171
sample_002,52,Badminton,3.592144,-3.877969,1.134253,-2.327788,2.365075,4.54904
sample_002,53,Badminton,3.592144,-3.877969,1.134253,-2.327788,2.365075,4.54904
sample_002,54,Badminton,-1.893679,-2.434246,6.22393,-4.072297,-0.183773,0.652526
sample_002,55,Badminton,-0.21577,-4.669673,3.078392,-3.36384,0.599259,-0.077238
sample_002,56,Badminton,-0.21577,-4.669673,3.078392,-3.36384,0.599259,-0.077238
sample_002,57,Badminton,0.222078,-3.236156,-2.074261,-2.136025,0.338248,-1.60335
sample_002,58,Badminton,1.283395,-4.224456,3.664624,1.683252,0.47408,0.26101
sample_002,59,Badminton,1.283395,-4.224456,3.664624,1.683252,0.47408,0.26101
sample_002,60,Badminton,2.049775,-1.794113,-2.964297,-0.44212,1.773806,0.319605
sample_002,61,Badminton,2.049775,-1.794113,-2.964297,-0.44212,1.773806,0.319605
sample_002,62,Badminton,2.456584,-0.977395,-3.596912,0.050604,1.448875,0.082565
sample_002,63,Badminton,2.253637,0.060709,-2.914444,0.503377,0.945497,0.149149
sample_002,64,Badminton,2.642323,-1.303753,-3.077653,-0.186436,0.047941,-0.295634
sample_002,65,Badminton,2.320242,-4.881591,1.719183,-0.902883,0.391516,0.042614
sample_002,66,Badminton,1.326611,-11.466263,3.773886,-1.16123,1.281082,0.604586
sample_002,67,Badminton,-1.448187,-13.567987,5.383225,5.260161,2.452966,3.462384
sample_002,68,Badminton,15.030941,-11.862476,-8.118355,5.609063,4.506426,5.784845
sample_002,69,Badminton,12.129501,-5.890267,-4.90403,4.546377,3.518315,5.579765
sample_002,70,Badminton,5.690308,0.484283,-1.433554,2.498244,1.659281,3.446404
sample_002,71,Badminton,4.634069,0.133327,-1.511251,0.495387,0.577952,1.486162
sample_002,72,Badminton,6.569725,5.373993,-5.955382,-0.407496,1.78446,0.804339
sample_002,73,Badminton,15.63417,11.049356,-13.499431,-1.582043,1.017408,-6.147064
sample_002,74,Badminton,29.363152,-19.840643,-18.779282,-3.409117,-1.193191,-15.511481
sample_002,75,Badminton,26.280546,-5.480073,-3.940388,-5.92334,-4.847338,-5.276141
sample_002,76,Badminton,16.492428,-10.453169,-3.226366,-1.568726,-1.917628,-5.763538
sample_002,77,Badminton,9.997568,-12.801989,-0.061221,-1.813757,-1.411588,-2.175975
sample_002,78,Badminton,4.185562,-3.654261,1.149626,0.705794,-1.089319,-0.01598
sample_002,79,Badminton,1.013015,-0.604945,-0.04302,-0.189099,0.029297,0.735091
sample_002,80,Badminton,1.135246,0.213364,-1.611751,-0.013317,0.103872,0.506041
sample_002,81,Badminton,0.75377,1.153655,-2.279173,1.203844,0.005327,0.620566
sample_002,82,Badminton,-0.319845,0.663853,-1.826974,1.046705,-0.167792,1.041379
sample_002,83,Badminton,-1.373341,1.8009,-2.201588,0.902883,-0.125179,1.049369
sample_002,84,Badminton,-0.733017,0.160241,-3.137796,1.185201,-0.292971,0.838962
sample_002,85,Badminton,-0.733017,0.160241,-3.137796,1.185201,-0.292971,0.838962
sample_002,86,Badminton,-0.500584,-0.441504,-1.457143,1.755163,-0.697804,1.347667
sample_002,87,Badminton,-0.500584,-0.441504,-1.457143,1.755163,-0.697804,1.347667
sample_002,88,Badminton,-1.743114,0.299958,-0.15312,0.727101,-0.612576,0.303624
sample_002,89,Badminton,-1.743114,0.299958,-0.15312,0.727101,-0.612576,0.303624
sample_002,90,Badminton,-1.492494,0.996572,-0.596147,1.707222,-0.737754,0.572625
sample_002,91,Badminton,1.251521,-6.947818,-3.770396,1.896321,-0.343575,0.138495
sample_002,92,Badminton,-1.72232,-2.025007,-0.6006,-0.332922,1.973559,0.511368
sample_002,93,Badminton,-1.72232,-2.025007,-0.6006,-0.332922,1.973559,0.511368
sample_002,94,Badminton,-6.587615,8.542692,-3.10547,0.308951,2.319798,0.02397
sample_002,95,Badminton,0.019402,-12.302016,-11.038343,-0.327595,-0.226387,-1.225151
sample_002,96,Badminton,10.99736,-10.183113,-6.38185,6.698382,-4.269386,5.699617
sample_002,97,Badminton,5.448675,11.008286,-1.559702,4.032346,-1.962906,5.566449
sample_002,98,Badminton,3.880618,1.651236,-3.174812,0.68715,-1.725865,1.560736
sample_002,99,Badminton,14.769772,14.047495,-8.102727,2.357085,-0.540665,1.925618
sample_003,0,Badminton,-0.592124,-0.39274,-1.411327,-0.306288,0.354229,-0.143822
sample_003,1,Badminton,-0.592124,-0.39274,-1.411327,-0.306288,0.354229,-0.143822
sample_003,2,Badminton,0.330361,0.144771,-0.982163,-0.133169,0.22106,0.21307
sample_003,3,Badminton,0.834415,-0.359371,-0.141869,0.210406,0.173119,0.311615
sample_003,4,Badminton,2.385987,0.866971,0.073025,-0.239704,0.905547,1.13726
sample_003,5,Badminton,2.385987,0.866971,0.073025,-0.239704,0.905547,1.13726
sample_003,6,Badminton,0.556966,5.598286,-3.054164,-4.165514,2.543521,-0.058594
sample_003,7,Badminton,0.111055,1.159097,-4.465828,-2.852472,3.369166,-1.864361
sample_003,8,Badminton,0.628035,-1.204296,-3.861423,-2.23457,3.017601,-1.933608
sample_003,9,Badminton,0.628035,-1.204296,-3.861423,-2.23457,3.017601,-1.933608
sample_003,10,Badminton,-1.369799,-0.770784,-3.170381,-1.744509,1.920292,-0.527348
sample_003,11,Badminton,-1.369799,-0.770784,-3.170381,-1.744509,1.920292,-0.527348
sample_003,12,Badminton,-2.526851,0.5262,-2.885201,-1.169221,1.819084,-0.508704
sample_003,13,Badminton,0.194443,0.107947,-3.837353,0.138495,-0.93218,-0.9162
sample_003,14,Badminton,0.194443,0.107947,-3.837353,0.138495,-0.93218,-0.9162
sample_003,15,Badminton,2.456769,3.48374,-5.195936,0.410159,-1.677925,-0.727101
sample_003,16,Badminton,8.209677,4.770407,-6.306694,1.32636,-2.050797,-1.257112
sample_003,17,Badminton,13.359024,-0.975222,-5.840313,1.80843,-7.587948,-2.514224
sample_003,18,Badminton,19.865013,-1.008089,-0.823371,4.157525,-10.40047,0.079901
sample_003,19,Badminton,9.976207,4.700312,6.974834,1.464855,-2.68468,0.0
sample_003,20,Badminton,2.27796,6.122298,2.77615,1.32636,0.276991,-0.822982
sample_003,21,Badminton,0.428317,1.90493,1.037491,0.292971,0.564635,-0.44212
sample_003,22,Badminton,-0.152973,-2.393661,-0.511128,-0.287644,0.412823,-0.303624
sample_003,23,Badminton,-0.796999,-0.310175,0.116607,0.274327,0.22106,0.071911
sample_003,24,Badminton,-0.43834,-0.406591,-0.388629,0.047941,-0.058594,0.295634
sample_003,25,Badminton,-0.34165,-0.324664,-0.279104,0.886903,-0.149149,0.548655
sample_003,26,Badminton,-0.053646,-2.599225,-0.700091,1.58737,-0.207743,0.945497
sample_003,27,Badminton,-0.106297,-1.90079,-0.086203,1.651291,-0.106535,1.632647
sample_003,28,Badminton,0.084382,-3.480524,1.007324,5.888717,0.290308,2.00552
sample_003,29,Badminton,0.73838,-2.470299,-1.95324,5.262824,1.363647,5.4173
sample_003,30,Badminton,1.291051,-0.996007,-3.849863,3.773999,1.717875,5.907361
sample_003,31,Badminton,4.781242,0.808646,-4.436028,2.626085,1.906975,5.124329
sample_003,32,Badminton,11.429852,5.719504,-8.400501,-0.836299,1.883004,-2.255877
sample_003,33,Badminton,23.626205,-0.609274,-7.163248,-0.977458,-8.243138,-11.516423
sample_003,34,Badminton,22.607058,-11.059025,17.044888,8.831743,-4.146871,-0.878913
sample_003,35,Badminton,-1.44032,3.183676,12.980691,-0.657853,-2.146678,1.472845
sample_003,36,Badminton,-1.44032,3.183676,12.980691,-0.657853,-2.146678,1.472845
sample_003,37,Badminton,2.667098,-2.473321,2.138011,-0.508704,-1.012082,1.494152
sample_003,38,Badminton,5.121405,-2.107966,2.630908,-0.269001,-1.166557,1.395607
sample_003,39,Badminton,5.121405,-2.107966,2.630908,-0.269001,-1.166557,1.395607
sample_003,40,Badminton,3.139364,-2.368119,0.54645,3.651484,-0.767051,1.680588
sample_003,41,Badminton,3.139364,-2.368119,0.54645,3.651484,-0.767051,1.680588
sample_003,42,Badminton,3.287919,-2.448763,-0.605729,3.784653,-0.498051,2.098738
sample_003,43,Badminton,2.91,-3.091514,-1.979737,2.436986,-0.082565,2.668699
sample_003,44,Badminton,1.296037,-2.873041,-3.743005,1.147914,-0.03196,3.286602
sample_003,45,Badminton,-0.321187,1.508345,-0.343213,0.183773,-0.468754,3.076195
sample_003,46,Badminton,2.221088,4.1512,-4.039292,-1.379627,-0.631219,0.604586
sample_003,47,Badminton,10.729059,7.438344,4.460332,0.719111,-0.03196,-1.182537
sample_003,48,Badminton,8.691158,6.44864,4.098729,2.23457,-0.26101,-2.711313
sample_003,49,Badminton,11.960352,-3.50497,10.528778,-1.190528,-5.907361,-10.87455
sample_003,50,Badminton,7.371729,-15.484932,6.844734,-1.107963,-0.039951,-0.668507
sample_003,51,Badminton,0.748106,-2.198915,2.229429,-0.258347,1.249122,1.813757
sample_003,52,Badminton,1.431398,1.249523,2.180298,-0.053267,0.042614,1.424904
sample_003,53,Badminton,0.744652,-0.748438,1.13365,-0.41815,0.298298,0.950824
sample_003,54,Badminton,-0.846807,1.193548,1.459524,0.045277,0.724437,0.822982
sample_003,55,Badminton,-1.052182,0.94499,-0.18363,-0.604586,0.910873,0.178446
sample_003,56,Badminton,-1.165689,1.501137,-0.485835,0.681823,0.945497,-0.194426
sample_003,57,Badminton,0.433908,-0.029284,-1.620737,0.189099,1.036052,-1.134597
sample_003,58,Badminton,0.882093,-0.255995,-1.440937,0.308951,1.198518,-1.512796
sample_003,59,Badminton,0.985155,-1.238738,-1.194234,0.553982,1.182537,-1.707222
sample_003,60,Badminton,0.648418,-0.866406,-0.830617,1.214498,1.536766,-1.627321
sample_003,61,Badminton,3.899149,-0.023492,-2.067071,0.332922,3.13479,-2.010846
sample_003,62,Badminton,7.560155,1.900606,-3.25931,-0.322268,4.948546,-1.651291
sample_003,63,Badminton,7.560155,1.900606,-3.25931,-0.322268,4.948546,-1.651291
sample_003,64,Badminton,-2.456701,11.201593,-8.449867,0.556645,5.076388,-1.861697
sample_003,65,Badminton,-1.483189,7.655206,-11.807385,-3.313236,5.308102,-3.563592
sample_003,66,Badminton,22.920322,-23.472906,-11.233436,5.547805,1.478172,-10.051568
sample_003,67,Badminton,3.060077,7.535774,8.801806,1.142587,-0.894893,0.00799
sample_003,68,Badminton,3.060077,7.535774,8.801806,1.142587,-0.894893,0.00799
sample_003,69,Badminton,2.421898,-2.77754,0.093905,-0.46609,0.788358,-0.953487
sample_003,70,Badminton,2.977151,-4.97901,-1.650281,-0.729764,1.36631,-0.085228
sample_003,71,Badminton,-2.120728,-2.890356,-5.399641,-0.117188,-0.420813,2.042807
sample_003,72,Badminton,-2.268824,-2.145586,-5.004798,1.222488,-2.421006,2.876442
sample_003,73,Badminton,-0.953892,2.459846,-0.837604,2.70865,-3.212027,4.650249
sample_003,74,Badminton,0.791682,3.756833,-4.100883,1.728529,-2.04547,4.365268
sample_003,75,Badminton,4.144262,0.914715,-7.12421,3.156097,-1.739182,2.895086
sample_003,76,Badminton,9.44901,-0.466456,-2.535893,4.644922,-1.227815,2.032153
sample_003,77,Badminton,9.44901,-0.466456,-2.535893,4.644922,-1.227815,2.032153
sample_003,78,Badminton,27.1101,-14.890586,11.579243,-4.322654,-12.440613,-16.108078
sample_003,79,Badminton,27.1101,-14.890586,11.579243,-4.322654,-12.440613,-16.108078
sample_003,80,Badminton,-0.770033,-3.879798,4.702202,1.77647,-0.953487,1.496815
sample_003,81,Badminton,-0.770033,-3.879798,4.702202,1.77647,-0.953487,1.496815
sample_003,82,Badminton,1.193033,-3.140595,2.480589,1.233142,-0.777705,1.416914
sample_003,83,Badminton,-1.369049,-1.784713,2.469172,0.370209,-0.202416,0.623229
sample_003,84,Badminton,-0.896211,-2.831454,2.497622,1.147914,-0.239704,0.375536
sample_003,85,Badminton,-2.003327,-2.541593,2.336832,0.620566,-0.082565,0.383526
sample_003,86,Badminton,-1.24072,-1.958757,2.321746,1.432895,-0.002663,0.846953
sample_003,87,Badminton,-0.790491,-3.012121,0.184069,0.649863,0.615239,0.745744
sample_003,88,Badminton,0.234605,-5.007889,-2.737345,-0.234377,0.727101,1.731192
sample_003,89,Badminton,2.125762,-3.991669,-4.132617,0.029297,0.20508,2.796541
sample_003,90,Badminton,4.071154,-0.432733,-1.00963,-0.324931,-0.759061,2.993631
sample_003,91,Badminton,3.142996,-0.027694,1.366777,0.431466,-1.211835,2.985641
sample_003,92,Badminton,1.567428,0.376973,-1.156508,-1.046705,-0.878913,2.186629
sample_003,93,Badminton,1.869343,0.851256,-3.248166,-0.838962,-0.841626,1.392944
sample_003,94,Badminton,0.633303,13.531952,-14.575851,-4.53306,-2.940363,-1.278419
sample_003,95,Badminton,18.863441,-23.487123,16.160149,-3.987069,-3.494345,-1.432895
sample_003,96,Badminton,-2.562504,-1.066755,2.36296,0.471417,1.880341,2.52754
sample_003,97,Badminton,2.052066,-0.253191,1.181257,-1.123943,0.713784,1.667271
sample_003,98,Badminton,-0.427342,0.664755,0.418198,-1.249122,0.889566,1.025398
sample_003,99,Badminton,-0.427342,0.664755,0.418198,-1.249122,0.889566,1.025398
sample_004,0,Badminton,-0.166323,0.768712,-0.344511,0.218397,0.135832,0.162466
sample_004,1,Badminton,-0.166323,0.768712,-0.344511,0.218397,0.135832,0.162466
sample_004,2,Badminton,-0.2273,-0.67796,-1.588044,2.141352,0.250357,1.80843
sample_004,3,Badminton,0.081961,-1.7043,-1.705492,2.189292,-0.178446,1.957579
sample_004,4,Badminton,2.985319,-4.782449,-0.595928,2.375728,-0.359555,2.815185
sample_004,5,Badminton,3.714295,-4.911507,0.224886,3.065542,-0.351565,3.859227
sample_004,6,Badminton,5.123566,-4.11023,-0.525214,5.350716,-0.428803,4.623615
sample_004,7,Badminton,5.123566,-4.11023,-0.525214,5.350716,-0.428803,4.623615
sample_004,8,Badminton,1.934277,1.745573,-5.088161,5.079052,-1.645964,0.335585
sample_004,9,Badminton,1.934277,1.745573,-5.088161,5.079052,-1.645964,0.335585
sample_004,10,Badminton,9.595146,11.314085,-4.750675,3.760682,1.331686,-3.848573
sample_004,11,Badminton,23.008554,-25.233425,-23.68985,-12.640367,0.921527,-13.050526
sample_004,12,Badminton,1.483718,-7.924374,-5.860971,-0.982784,-1.134597,1.134597
sample_004,13,Badminton,3.472195,-2.72069,-1.196967,-0.287644,-3.576909,2.226579
sample_004,14,Badminton,2.296354,9.528614,10.394205,2.162659,-3.025591,2.426333
sample_004,15,Badminton,1.516054,5.643556,7.442099,1.254448,-0.423476,0.538001
sample_004,16,Badminton,0.167128,-2.722611,3.25005,2.841819,2.319798,-2.887096
sample_004,17,Badminton,-0.257412,-6.541776,-4.343818,2.4796,4.887289,-2.25854
sample_004,18,Badminton,3.620402,-5.025591,-7.14101,-0.543328,5.547805,-0.082565
sample_004,19,Badminton,5.229559,-0.867023,-8.357567,-3.61686,4.929903,4.868645
sample_004,20,Badminton,5.500012,10.007272,-7.364091,0.44212,1.448875,3.574246
sample_004,21,Badminton,15.311742,9.903418,-6.903203,0.897557,2.229243,-7.795692
sample_004,22,Badminton,29.126005,-13.159349,-13.580918,-2.578145,9.478943,-17.506348
sample_004,23,Badminton,-2.632734,-5.378293,-0.10672,1.515459,-4.277376,1.387617
sample_004,24,Badminton,3.452442,-5.104196,-3.118879,3.520979,-6.147064,1.006755
sample_004,25,Badminton,14.532681,6.174933,-5.32495,7.388196,-5.744895,3.377157
sample_004,26,Badminton,13.888377,11.841068,-5.667622,3.265295,-0.165129,3.305245
sample_004,27,Badminton,19.515387,9.966466,1.15753,-1.459528,-11.955879,-17.876556
sample_004,28,Badminton,14.803753,-23.48326,-9.498877,-9.281854,2.508897,-0.783032
sample_004,29,Badminton,0.093219,4.091079,3.823942,-1.403597,1.14525,3.515652
sample_004,30,Badminton,0.093219,4.091079,3.823942,-1.403597,1.14525,3.515652
sample_004,31,Badminton,-0.604349,2.601892,2.6884,0.01598,1.475509,2.666036
sample_004,32,Badminton,-2.154403,-1.411717,-0.766432,2.25854,1.949589,1.345003
sample_004,33,Badminton,-2.154403,-1.411717,-0.766432,2.25854,1.949589,1.345003
sample_004,34,Badminton,-2.51304,-1.543298,-0.484173,1.1053,2.085421,1.675261
sample_004,35,Badminton,1.442817,-0.668542,-3.083846,-0.055931,1.984213,1.57139
sample_004,36,Badminton,4.344946,8.372691,-4.249536,1.187864,2.048133,1.123943
sample_004,37,Badminton,13.324367,10.160916,-3.608333,-0.378199,-4.192148,-16.98699
sample_004,38,Badminton,17.409658,-17.889948,-13.640844,4.05898,-0.039951,-1.187864
sample_004,39,Badminton,2.611435,-9.428535,-0.891095,-0.463427,-3.800633,0.822982
sample_004,40,Badminton,-1.136499,-9.499942,1.492724,2.540857,-2.90574,1.041379
sample_004,41,Badminton,0.782392,-0.209133,1.041597,6.506619,0.23704,1.760489
sample_004,42,Badminton,1.273306,-0.033153,-1.38902,2.237233,1.368974,2.2905
sample_004,43,Badminton,2.558389,1.74961,-0.07709,-0.620566,2.285174,2.812522
sample_004,44,Badminton,3.736392,1.639422,-1.549422,-0.929517,2.543521,2.500907
sample_004,45,Badminton,7.837251,10.232243,5.296674,-4.96719,2.658046,0.961478
sample_004,46,Badminton,19.433733,11.837156,-18.940058,-3.286602,9.449646,1.432895
sample_004,47,Badminton,13.42026,-10.592106,-16.557545,11.103601,-6.085806,-2.785888
sample_004,48,Badminton,9.13287,-6.546259,2.313098,4.780754,-9.433665,-1.696568
sample_004,49,Badminton,25.871246,4.37481,0.955793,8.770486,-9.76126,3.113483
sample_004,50,Badminton,15.75037,7.134476,1.65684,-4.461149,-8.000772,1.057359
sample_004,51,Badminton,15.526218,11.56846,10.209234,-1.877678,-3.83792,-11.042342
sample_004,52,Badminton,23.327515,-26.301262,7.774971,-3.37982,0.034624,-9.140695
sample_004,53,Badminton,1.82758,-3.490665,-1.463832,0.002663,1.851044,3.816613
sample_004,54,Badminton,4.277356,-0.870008,0.359625,-2.26653,0.029297,3.3958
sample_004,55,Badminton,1.175496,6.472088,5.845071,0.88424,1.763153,3.073532
sample_004,56,Badminton,-0.528067,-2.115764,7.542927,0.817655,2.68468,0.324931
sample_004,57,Badminton,0.900786,-5.902359,5.823278,1.970896,4.322654,-1.193191
sample_004,58,Badminton,4.122,-6.360045,-3.144079,-0.24503,5.145636,0.538001
sample_004,59,Badminton,9.269766,1.716279,-5.121481,1.507469,3.020264,3.576909
sample_004,60,Badminton,9.990976,10.116263,-13.729032,0.902883,2.239896,3.723395
sample_004,61,Badminton,25.509972,5.764475,-13.135656,-7.638553,-4.138881,-18.957886
sample_004,62,Badminton,11.010164,-14.718886,-5.800932,5.664993,-3.486355,-0.420813
sample_004,63,Badminton,8.504203,-8.31531,1.359333,1.872351,-5.337399,1.781796
sample_004,64,Badminton,1.949031,2.000507,5.318978,6.522599,-1.403597,2.793878
sample_004,65,Badminton,-0.702096,-0.497372,3.211233,0.942834,0.649863,-1.499479
sample_004,66,Badminton,-0.702096,-0.497372,3.211233,0.942834,0.649863,-1.499479
sample_004,67,Badminton,4.710939,-2.723209,-1.315811,-1.680588,2.91373,-0.942834
sample_004,68,Badminton,4.328833,4.452553,-5.372076,-3.425097,5.18026,1.606014
sample_004,69,Badminton,4.328833,4.452553,-5.372076,-3.425097,5.18026,1.606014
sample_004,70,Badminton,5.067588,2.482691,0.302103,-7.28965,2.721967,4.346624
sample_004,71,Badminton,19.24957,11.670509,-1.172513,-0.41815,5.398656,-3.318562
sample_004,72,Badminton,20.089771,-9.122946,-17.258856,-3.305245,18.212141,-0.977458
sample_004,73,Badminton,7.918431,-5.830237,2.82963,6.157717,-7.816999,-1.001428
sample_004,74,Badminton,11.660852,-1.576441,-1.158697,4.415872,-8.538773,1.099973
sample_004,75,Badminton,8.655474,3.559962,-0.654286,1.994866,-6.503956,3.057552
sample_004,76,Badminton,11.951458,6.278144,-5.482271,-2.828502,-7.555988,-2.157332
sample_004,77,Badminton,11.614944,14.333215,3.720725,-5.577102,-10.174083,-7.183116
sample_004,78,Badminton,10.511136,-6.91396,18.687325,1.16123,10.592233,-9.867795
sample_004,79,Badminton,1.244979,-5.207451,-3.798078,2.104064,0.716447,3.872544
sample_004,80,Badminton,8.326054,11.277771,11.060687,2.46362,0.868259,2.908403
sample_004,81,Badminton,7.594046,-1.447109,4.799343,-1.009418,1.491489,-1.363647
sample_004,82,Badminton,1.008481,-10.578851,0.955722,2.743274,5.153626,-2.508897
sample_004,83,Badminton,7.235857,-8.496178,-5.145403,-3.534295,4.06697,2.389045
sample_004,84,Badminton,7.390644,0.683891,-4.636046,2.508897,2.255877,5.878063
sample_004,85,Badminton,1.753438,11.156827,-3.400038,1.009418,3.843247,5.795499
sample_004,86,Badminton,18.318577,9.94191,-6.152968,-4.591654,-2.796541,-16.121393
sample_004,87,Badminton,29.023777,-18.186668,-14.530646,11.929246,-0.910873,-8.666615
sample_004,88,Badminton,10.009113,-15.106774,-4.026683,1.099973,-4.261396,2.889759
sample_004,89,Badminton,6.449137,-7.587767,-3.835455,3.827267,-7.124522,3.347859
sample_004,90,Badminton,4.157961,5.051556,2.618586,-1.243795,-3.046898,2.764581
sample_004,91,Badminton,5.110259,13.490128,-4.081799,-0.135832,-2.974987,0.159802
sample_004,92,Badminton,19.045622,11.037158,4.292287,-0.141159,-7.870266,-14.629906
sample_004,93,Badminton,18.969835,-21.35238,-1.757158,-8.496159,2.317134,1.227815
sample_004,94,Badminton,7.09777,3.058366,-1.437977,-3.251978,2.817848,6.091133
sample_004,95,Badminton,7.09777,3.058366,-1.437977,-3.251978,2.817848,6.091133
sample_004,96,Badminton,5.988524,0.941732,-5.033005,-1.251785,5.936657,2.090747
sample_004,97,Badminton,6.835404,0.185777,-4.122738,-0.732428,5.694291,-0.346238
sample_004,98,Badminton,3.84588,0.68532,-12.87181,-2.863126,8.536109,2.413016
sample_004,99,Badminton,3.84588,0.68532,-12.87181,-2.863126,8.536109,2.413016
sample_005,0,Badminton,0.052231,-0.730486,-0.518104,-0.159802,-0.045277,-0.029297
sample_005,1,Badminton,0.052231,-0.730486,-0.518104,-0.159802,-0.045277,-0.029297
sample_005,2,Badminton,-0.548047,0.707006,-1.17943,-0.239704,0.02397,0.298298
sample_005,3,Badminton,-0.012414,0.191957,-0.792904,-0.101208,0.20508,0.119852
sample_005,4,Badminton,1.011521,-0.936402,-0.974097,-0.013317,0.191763,0.101208
sample_005,5,Badminton,-0.484169,-1.22424,0.295685,0.396843,-0.338248,0.516694
sample_005,6,Badminton,-1.27686,-3.12289,-0.202464,1.299726,-0.761725,0.700467
sample_005,7,Badminton,1.011774,-1.979156,-1.898568,2.868452,-1.193191,1.094646
sample_005,8,Badminton,1.829868,-2.56745,-1.179886,4.53306,-1.914965,2.543521
sample_005,9,Badminton,2.120556,-4.064626,-0.084766,4.442505,-2.0215,3.217354
sample_005,10,Badminton,2.120556,-4.064626,-0.084766,4.442505,-2.0215,3.217354
sample_005,11,Badminton,-0.135867,1.352137,-5.945134,3.590226,-0.820319,2.346431
sample_005,12,Badminton,-0.135867,1.352137,-5.945134,3.590226,-0.820319,2.346431
sample_005,13,Badminton,17.191116,9.78925,7.910649,2.322461,-6.266916,-15.764503
sample_005,14,Badminton,2.801915,-9.065123,-2.759228,2.010846,1.302389,2.271857
sample_005,15,Badminton,0.790672,-5.63151,-1.705687,-1.693905,-0.921527,1.739182
sample_005,16,Badminton,0.790672,-5.63151,-1.705687,-1.693905,-0.921527,1.739182
sample_005,17,Badminton,1.720672,0.476348,2.208364,-1.217161,0.0,1.643301
sample_005,18,Badminton,-0.748353,0.529138,-2.650019,-4.016366,1.789786,0.535338
sample_005,19,Badminton,-0.184469,1.008486,-1.038112,-2.210599,2.444976,-0.48207
sample_005,20,Badminton,-0.01151,0.71012,-2.712547,-3.068205,2.91373,-1.068012
sample_005,21,Badminton,-0.371224,-4.425037,-1.189282,-3.435751,3.936465,-1.219825
sample_005,22,Badminton,-0.480371,2.079816,-2.678535,-2.383719,4.519743,1.648628
sample_005,23,Badminton,1.590517,5.605416,-1.299521,-2.271857,3.560929,3.720732
sample_005,24,Badminton,1.591592,11.273728,1.795369,-4.189485,2.74061,4.612961
sample_005,25,Badminton,7.661543,13.710423,-5.654656,-5.321418,1.608677,5.590419
sample_005,26,Badminton,16.402634,7.916841,-14.174992,-2.713977,4.506426,-8.030068
sample_005,27,Badminton,22.81614,-22.13492,-4.395906,8.456208,-5.217547,-8.738525
sample_005,28,Badminton,14.548894,10.887106,8.099365,5.126992,-2.101401,0.085228
sample_005,29,Badminton,-0.726083,4.530348,1.520363,-0.913537,3.611533,-1.875014
sample_005,30,Badminton,-3.606665,-2.083423,-3.931994,-2.642066,3.968425,-1.190528
sample_005,31,Badminton,-2.470355,-0.688251,-1.281345,1.539429,-0.681823,-1.566063
sample_005,32,Badminton,-1.866242,-0.40916,1.305909,-0.415486,0.029297,-1.360983
sample_005,33,Badminton,-2.972295,-3.817659,-1.680837,2.402362,-0.945497,-1.968232
sample_005,34,Badminton,-4.450536,0.48258,1.217401,1.299726,-1.134597,-0.569962
sample_005,35,Badminton,-4.410252,1.743499,2.233346,1.214498,-0.279654,0.066584
sample_005,36,Badminton,-3.438087,5.891292,0.682284,0.346238,0.89223,0.527348
sample_005,37,Badminton,-2.447785,-3.4225,-1.569243,-4.184158,1.704558,-1.504805
sample_005,38,Badminton,-4.202509,-13.77801,-11.937906,-0.982784,-0.319605,0.21307
sample_005,39,Badminton,9.974581,-2.435783,-10.974827,10.293935,-4.658238,6.986026
sample_005,40,Badminton,15.046455,5.587421,-10.628109,8.818426,-1.954915,7.747751
sample_005,41,Badminton,8.248698,12.619705,-10.302189,3.989732,2.279847,3.523642
sample_005,42,Badminton,28.609226,-17.311832,-18.695854,-9.124714,3.672791,-10.520322
sample_005,43,Badminton,6.669135,4.492133,2.102856,6.882155,-3.773999,3.222681
sample_005,44,Badminton,-1.816772,4.87136,3.269658,0.079901,-2.466283,1.536766
sample_005,45,Badminton,-1.816772,4.87136,3.269658,0.079901,-2.466283,1.536766
sample_005,46,Badminton,-1.011058,0.744453,1.980219,-0.415486,-1.946925,0.849616
sample_005,47,Badminton,-1.011058,0.744453,1.980219,-0.415486,-1.946925,0.849616
sample_005,48,Badminton,-0.221207,1.704137,-3.123072,-2.24256,-1.036052,-0.178446
sample_005,49,Badminton,4.737394,-5.636684,-6.03672,-3.80596,-0.258347,-1.318369
sample_005,50,Badminton,3.244058,8.662836,-5.555702,-7.926197,0.380862,-2.887096
sample_005,51,Badminton,2.202449,-3.017465,-2.15056,-7.21774,5.00714,-3.102829
sample_005,52,Badminton,1.398032,1.238142,-3.261995,-2.333114,5.374686,-3.630177
sample_005,53,Badminton,3.933248,-8.130435,-4.270055,2.016173,1.001428,-2.879106
sample_005,54,Badminton,-4.302154,-8.358312,-2.801171,-2.231906,-1.169221,0.247694
sample_005,55,Badminton,2.228922,0.338059,1.549316,-3.723395,-1.845717,1.57938
sample_005,56,Badminton,9.010148,2.936653,-0.01253,-3.686108,1.187864,-1.861697
sample_005,57,Badminton,-1.630447,-0.622735,7.782911,-8.205851,-3.315899,4.873972
sample_005,58,Badminton,-10.213043,17.071737,-1.133023,-1.669935,-0.22905,1.864361
sample_005,59,Badminton,15.192524,5.691902,-11.973101,0.018644,-1.470182,-5.047091
sample_005,60,Badminton,22.591616,-10.358342,1.504297,1.752499,-10.445747,-5.561122
sample_005,61,Badminton,14.927385,-3.292444,6.672788,0.737754,0.604586,-0.862933
sample_005,62,Badminton,7.890259,0.972426,2.725758,1.190528,1.225151,-0.037287
sample_005,63,Badminton,6.502622,-0.395248,-0.088368,0.050604,3.547612,0.43413
sample_005,64,Badminton,4.545393,0.782819,-2.973708,0.013317,3.228008,-0.101208
sample_005,65,Badminton,1.948973,-0.217259,-2.252893,0.868259,1.387617,-0.878913
sample_005,66,Badminton,0.234295,-1.447788,-2.51712,3.145443,1.829737,-1.79245
sample_005,67,Badminton,-0.279396,0.039903,-3.317362,0.652526,0.591269,-0.812329
sample_005,68,Badminton,-1.711413,0.960159,-1.897336,1.083993,0.41815,-0.042614
sample_005,69,Badminton,-1.499739,0.951035,-1.84168,0.865596,-0.300961,0.370209
sample_005,70,Badminton,-1.922562,1.702151,-2.16082,0.335585,0.005327,-0.471417
sample_005,71,Badminton,-1.347565,-1.492512,-4.108322,0.926854,-1.174547,-0.258347
sample_005,72,Badminton,1.325902,-3.46034,-4.943515,0.122515,-1.480835,1.025398
sample_005,73,Badminton,0.251431,-4.023946,-2.625471,1.36631,-1.270429,0.4581
sample_005,74,Badminton,0.251431,-4.023946,-2.625471,1.36631,-1.270429,0.4581
sample_005,75,Badminton,4.10769,2.077969,-2.307556,5.816806,-0.69514,4.7701
sample_005,76,Badminton,4.10769,2.077969,-2.307556,5.816806,-0.69514,4.7701
sample_005,77,Badminton,3.270422,-2.969665,-0.748767,2.287837,-0.093218,3.872544
sample_005,78,Badminton,-3.978425,-2.648246,1.551708,2.322461,0.394179,2.809858
sample_005,79,Badminton,-2.068148,-0.039936,-1.08446,2.767244,-0.303624,4.778091
sample_005,80,Badminton,9.097653,2.146863,-4.159033,1.811093,0.231713,3.595553
sample_005,81,Badminton,3.558437,-6.277846,-1.333647,0.593932,0.476744,3.129463
sample_005,82,Badminton,1.95508,5.901938,-1.944911,2.852472,0.527348,4.71417
sample_005,83,Badminton,10.257607,9.832666,-7.043038,0.724437,0.793685,1.928282
sample_005,84,Badminton,25.174408,3.95486,-20.832016,-9.32713,-1.086656,-19.565134
sample_005,85,Badminton,20.161015,-12.372107,3.805867,-4.54105,-2.165322,1.13726
sample_005,86,Badminton,-2.568313,-0.252136,7.031204,4.602308,-1.102636,1.318369
sample_005,87,Badminton,0.65488,-1.66601,5.559029,2.96167,-1.337013,1.054696
sample_005,88,Badminton,-0.813526,0.232584,5.243601,-3.502335,0.210406,0.090555
sample_005,89,Badminton,-0.563636,-0.580272,2.869099,-0.556645,0.101208,-1.068012
sample_005,90,Badminton,-2.579798,-1.341981,1.636674,-2.697996,0.620566,-0.724437
sample_005,91,Badminton,-2.579798,-1.341981,1.636674,-2.697996,0.620566,-0.724437
sample_005,92,Badminton,-2.0283,-5.880747,1.253834,-1.001428,0.218397,-0.404833
sample_005,93,Badminton,0.558956,-3.58934,-0.932842,0.593932,-0.167792,0.117188
sample_005,94,Badminton,3.878525,-4.006235,-2.999965,0.538001,-1.552746,-0.282318
sample_005,95,Badminton,0.644979,-7.254929,-1.321633,0.708457,-2.514224,0.721774
sample_005,96,Badminton,3.540639,-5.886849,-3.497949,0.002663,-3.82194,2.085421
sample_005,97,Badminton,11.749453,-1.847987,1.932888,2.47161,-5.081715,1.779133
sample_005,98,Badminton,1.14465,13.558,3.23139,2.820512,-4.724823,-0.058594
sample_005,99,Badminton,17.64946,5.7017,2.6635,-0.522021,-3.64083,-13.335506
sample_006,0,Badminton,1.102297,-1.790773,0.001413,0.258347,-0.165129,0.516694
sample_006,1,Badminton,1.102297,-1.790773,0.001413,0.258347,-0.165129,0.516694
sample_006,2,Badminton,0.732385,0.661191,-1.579566,-0.127842,-0.167792,-0.588605
sample_006,3,Badminton,-0.920942,4.488292,-2.274492,0.564635,-0.298298,-1.462192
sample_006,4,Badminton,-0.920942,4.488292,-2.274492,0.564635,-0.298298,-1.462192
sample_006,5,Badminton,-0.007309,-8.698994,0.781637,-1.440885,0.396843,-0.402169
sample_006,6,Badminton,0.7689,-10.026559,-2.773765,-0.463427,-0.029297,1.259775
sample_006,7,Badminton,2.74994,-9.853507,-5.671502,3.193384,-0.351565,3.520979
sample_006,8,Badminton,6.124509,-1.498929,-5.683643,5.515844,0.042614,5.542478
sample_006,9,Badminton,7.584331,3.175421,-5.182618,4.242753,1.033389,5.44926
sample_006,10,Badminton,5.82032,-0.037238,-4.983628,2.146678,0.588605,3.590226
sample_006,11,Badminton,5.82032,-0.037238,-4.983628,2.146678,0.588605,3.590226
sample_006,12,Badminton,4.252384,0.24509,-4.098072,2.450303,0.740418,2.639402
sample_006,13,Badminton,2.413871,3.714246,-3.368946,0.721774,0.553982,1.61134
sample_006,14,Badminton,6.762723,10.486633,-7.823473,-1.142587,1.763153,-1.693905
sample_006,15,Badminton,28.026657,14.907249,-21.338192,-11.108927,-1.219825,-17.026941
sample_006,16,Badminton,28.026657,14.907249,-21.338192,-11.108927,-1.219825,-17.026941
sample_006,17,Badminton,17.320156,-3.521389,2.360904,2.895086,-3.129463,-4.144208
sample_006,18,Badminton,11.104436,-3.874089,-0.049963,-0.721774,-2.018837,-3.832593
sample_006,19,Badminton,8.887936,-8.574099,1.183689,-1.198518,-0.561972,-2.966997
sample_006,20,Badminton,5.510532,-7.379726,-0.497659,-1.536766,-0.583279,-2.301154
sample_006,21,Badminton,2.864203,-3.338044,-2.202999,-1.110626,-0.759061,-1.022735
sample_006,22,Badminton,1.198489,-3.992871,-1.755909,0.740418,-1.259775,-0.380862
sample_006,23,Badminton,-0.339619,-2.962209,1.391503,1.629984,-1.329023,0.966804
sample_006,24,Badminton,0.298232,-1.356787,0.384499,2.96966,-0.868259,0.934844
sample_006,25,Badminton,-0.082866,-0.715683,-0.253358,2.793878,-1.267765,1.025398
sample_006,26,Badminton,-1.311864,-0.642736,-0.566822,2.551511,-1.709885,0.990775
sample_006,27,Badminton,-0.217896,-0.087785,0.499091,3.281275,-2.034817,1.430231
sample_006,28,Badminton,-1.916793,1.76406,-1.513157,2.876442,-1.723202,0.902883
sample_006,29,Badminton,-4.722529,0.115479,-5.039532,1.337013,-0.844289,0.801675
sample_006,30,Badminton,-0.518163,-1.761415,-3.394929,1.337013,-2.269193,1.677925
sample_006,31,Badminton,0.699484,-1.501464,-0.44771,0.463427,-1.986876,1.709885
sample_006,32,Badminton,2.880201,0.614698,1.052806,2.359748,-0.436793,0.809665
sample_006,33,Badminton,7.857451,6.846182,2.009035,4.213455,-0.322268,-1.984213
sample_006,34,Badminton,13.871069,8.090149,0.902057,1.041379,-1.829737,-6.448025
sample_006,35,Badminton,18.024126,9.077427,-4.585222,-5.009804,-3.222681,-9.833172
sample_006,36,Badminton,24.548294,-20.008701,-5.02821,1.619331,0.22905,-2.381055
sample_006,37,Badminton,12.199043,-11.993302,-4.07599,-1.467518,-0.165129,4.78608
sample_006,38,Badminton,3.778424,-4.248735,1.115625,-1.701895,-1.363647,4.008376
sample_006,39,Badminton,1.684454,-4.041217,2.890616,-1.669935,-1.928282,1.978886
sample_006,40,Badminton,1.937527,-4.729475,2.5356,-1.813757,-1.829737,0.591269
sample_006,41,Badminton,1.265806,-2.701756,-1.237532,-2.458293,0.532675,-0.476744
sample_006,42,Badminton,1.153049,-1.920272,-0.727016,-2.887096,1.211835,-0.681823
sample_006,43,Badminton,0.191962,-3.057899,0.155031,-2.860462,2.024163,0.037287
sample_006,44,Badminton,0.590658,1.521827,0.106343,-2.317134,2.793878,0.340912
sample_006,45,Badminton,1.463516,0.748554,-1.065834,-1.387617,3.246651,-0.058594
sample_006,46,Badminton,1.463516,0.748554,-1.065834,-1.387617,3.246651,-0.058594
sample_006,47,Badminton,2.20378,1.956207,-2.150805,-1.507469,3.491681,-0.764388
sample_006,48,Badminton,1.880041,1.333964,-2.249584,-2.000193,3.654147,-0.173119
sample_006,49,Badminton,0.132633,3.084032,-0.532784,-3.297255,3.662137,0.242367
sample_006,50,Badminton,-2.280982,2.837438,-3.419107,-5.217547,5.00714,1.057359
sample_006,51,Badminton,5.846597,3.360693,-13.01594,-0.20508,3.241324,1.206508
sample_006,52,Badminton,10.24493,2.19153,-12.064693,2.056124,-7.313621,-1.608677
sample_006,53,Badminton,0.36655,-6.796776,-7.277516,-5.238854,-7.827652,-0.745744
sample_006,54,Badminton,23.123938,5.811691,-11.310157,-5.257497,-0.178446,-6.165708
sample_006,55,Badminton,20.369907,7.799842,13.214352,3.579573,-5.870073,3.547612
sample_006,56,Badminton,4.830317,-0.618321,5.444113,-1.82441,-0.23704,-0.556645
sample_006,57,Badminton,5.97667,1.032088,0.49033,-0.514031,1.835064,-0.516694
sample_006,58,Badminton,0.933091,0.056039,-1.715012,0.391516,2.580808,-1.14525
sample_006,59,Badminton,-1.074053,-1.142907,-3.556631,0.359555,2.91373,-0.396843
sample_006,60,Badminton,-1.535124,-1.635121,-4.009774,0.865596,2.008183,-0.255684
sample_006,61,Badminton,-2.843964,-0.763566,-2.999441,-0.346238,2.080094,-0.402169
sample_006,62,Badminton,-4.466692,-0.60719,-1.863943,0.114525,1.619331,-0.292971
sample_006,63,Badminton,-1.977085,-0.299825,-2.281252,0.119852,1.507469,-0.181109
sample_006,64,Badminton,-1.034104,1.214898,-2.574477,-0.567298,2.117381,-0.410159
sample_006,65,Badminton,-1.034104,1.214898,-2.574477,-0.567298,2.117381,-0.410159
sample_006,66,Badminton,-0.152971,0.58562,-5.583682,2.287837,0.354229,-1.337013
sample_006,67,Badminton,3.132268,-4.418409,-4.900953,2.186629,-1.448875,-1.880341
sample_006,68,Badminton,2.795041,0.742695,0.770283,2.836492,-1.741846,-0.745744
sample_006,69,Badminton,4.33773,-0.883601,-4.95258,0.985448,-2.085421,1.025398
sample_006,70,Badminton,12.786496,-9.146558,-13.326967,3.957772,-3.497008,3.795306
sample_006,71,Badminton,12.489007,-10.546078,-4.93895,8.237811,-5.140309,10.467054
sample_006,72,Badminton,15.265581,-1.599874,-9.277232,6.812907,-0.6472,10.102172
sample_006,73,Badminton,13.054003,-3.021882,-8.284441,2.865789,0.194426,5.470567
sample_006,74,Badminton,13.054003,-3.021882,-8.284441,2.865789,0.194426,5.470567
sample_006,75,Badminton,23.157085,10.467781,-7.927259,-8.485505,-0.138495,-16.387732
sample_006,76,Badminton,25.897846,24.805077,-4.593456,10.962441,-1.478172,-9.502913
sample_006,77,Badminton,25.897846,24.805077,-4.593456,10.962441,-1.478172,-9.502913
sample_006,78,Badminton,19.226326,-9.834171,-2.380273,-3.87787,-3.976415,-6.78361
sample_006,79,Badminton,13.593466,-12.013878,2.82458,-2.506234,-2.51955,-2.695333
sample_006,80,Badminton,5.517743,-8.06319,2.080106,1.5634,-2.018837,-0.737754
sample_006,81,Badminton,1.577532,2.736308,0.129205,1.941599,-0.050604,0.623229
sample_006,82,Badminton,1.577532,2.736308,0.129205,1.941599,-0.050604,0.623229
sample_006,83,Badminton,0.443568,2.388513,-1.847873,1.520786,-0.423476,0.311615
sample_006,84,Badminton,0.443568,2.388513,-1.847873,1.520786,-0.423476,0.311615
sample_006,85,Badminton,0.960194,4.316973,-2.601832,-0.276991,-0.551318,0.0
sample_006,86,Badminton,2.14672,2.22158,-1.631437,-4.55703,-0.22905,-0.705794
sample_006,87,Badminton,2.399849,2.432298,-1.28275,-4.924576,0.88424,-0.639209
sample_006,88,Badminton,2.969822,0.079321,-0.373684,-5.254834,0.945497,0.178446
sample_006,89,Badminton,3.807897,0.988617,5.195253,-2.70865,2.51156,0.596595
sample_006,90,Badminton,2.801348,0.289877,-1.136198,-2.887096,2.626085,0.372872
sample_006,91,Badminton,2.251025,-0.13653,-4.68171,-2.173312,1.169221,-0.25302
sample_006,92,Badminton,0.27442,-0.61614,-4.299209,0.633883,-0.183773,-0.266337
sample_006,93,Badminton,-1.606587,0.931487,3.605506,0.44212,-0.942834,0.231713
sample_006,94,Badminton,-0.250374,2.770658,5.225301,0.929517,-0.588605,0.45011
sample_006,95,Badminton,-0.28029,3.982322,2.949889,-0.157139,0.314278,0.218397
sample_006,96,Badminton,-0.28029,3.982322,2.949889,-0.157139,0.314278,0.218397
sample_006,97,Badminton,-1.362502,0.859302,-0.329923,-0.844289,0.522021,-0.300961
sample_006,98,Badminton,2.849978,-2.920563,-12.358777,0.599259,0.775041,-0.306288
sample_006,99,Badminton,15.885976,-2.012929,-5.047484,4.740803,-12.682981,13.948082
sample_007,0,Running,0.300413,0.72758,0.878731,-0.082565,-0.055931,0.668507
sample_007,1,Running,0.300413,0.72758,0.878731,-0.082565,-0.055931,0.668507
sample_007,2,Running,-1.964993,-0.300555,-1.226914,-0.631219,0.039951,0.130505
sample_007,3,Running,-3.159662,-2.094925,2.170437,-0.745744,-0.055931,-0.034624
sample_007,4,Running,-6.498703,-2.887628,1.977581,-0.199753,0.127842,0.300961
sample_007,5,Running,0.898168,-12.323421,-3.279248,0.335585,1.174547,2.860462
sample_007,6,Running,12.391905,-10.109762,-1.684232,3.843247,-2.205272,7.308294
sample_007,7,Running,12.721008,-1.77454,-5.489402,2.218589,-0.242367,7.329601
sample_007,8,Running,18.877642,11.004465,-12.820757,-0.194426,-0.146486,3.467711
sample_007,9,Running,15.90317,13.353151,-5.443162,-3.262631,0.242367,-2.988304
sample_007,10,Running,20.613626,-6.691328,0.29242,-1.954915,3.393137,-10.104836
sample_007,11,Running,0.330798,-14.744413,1.400171,-0.348902,-0.817655,-6.09646
sample_007,12,Running,-16.232243,-12.06364,3.314725,-2.25055,0.410159,-2.618095
sample_007,13,Running,-22.462128,-5.523073,-1.673027,-2.95368,1.273092,0.665843
sample_007,14,Running,-22.462128,-5.523073,-1.673027,-2.95368,1.273092,0.665843
sample_007,15,Running,19.901545,-10.177757,-3.63541,3.963098,-2.130698,9.907746
sample_007,16,Running,19.901545,-10.177757,-3.63541,3.963098,-2.130698,9.907746
sample_007,17,Running,12.42205,7.570535,-7.994142,1.286409,-1.643301,2.807195
sample_007,18,Running,14.50653,7.932712,-6.829134,0.338248,3.467711,-6.597174
sample_007,19,Running,14.50653,7.932712,-6.829134,0.338248,3.467711,-6.597174
sample_007,20,Running,10.878243,-15.30143,1.374012,0.157139,0.117188,-8.299068
sample_007,21,Running,-7.036718,-18.784964,4.270074,-0.300961,-0.503377,-3.145443
sample_007,22,Running,-15.434322,-9.004565,0.843095,-1.608677,0.098545,0.404833
sample_007,23,Running,-7.361859,-8.592011,-1.66635,2.082757,-1.022735,3.888524
sample_007,24,Running,14.283367,-11.56611,-1.246787,4.322654,-0.583279,7.00467
sample_007,25,Running,12.937978,-1.523143,-4.148783,2.01351,0.202416,7.089898
sample_007,26,Running,10.236189,16.137709,-5.354735,-1.944262,-0.490061,0.460763
sample_007,27,Running,11.912701,7.642211,-4.159819,-1.813757,2.106728,-5.286795
sample_007,28,Running,13.023973,-12.497941,-0.95994,-1.270429,1.728529,-8.63199
sample_007,29,Running,2.127672,-16.990229,1.579863,-0.708457,-0.346238,-5.494537
sample_007,30,Running,-14.354092,-12.523821,1.775843,-1.696568,0.111862,-0.612576
sample_007,31,Running,-12.531266,-10.261441,-0.263417,0.117188,-0.740418,2.844482
sample_007,32,Running,15.998491,-10.495846,-7.000566,3.294592,-1.704558,9.063457
sample_007,33,Running,14.88895,1.544984,-5.920661,2.032153,-1.267765,6.986026
sample_007,34,Running,11.664425,14.920465,-4.290067,-1.917628,-0.492724,-0.282318
sample_007,35,Running,12.739643,9.53176,-3.230587,-1.486162,1.036052,-5.305438
sample_007,36,Running,11.788158,-5.545487,-3.654501,-1.491489,3.377157,-7.603929
sample_007,37,Running,10.315844,-16.777885,0.454246,0.814992,-0.231713,-7.918207
sample_007,38,Running,-11.370781,-19.351282,3.013133,-3.318562,0.522021,-1.61134
sample_007,39,Running,-13.421246,-12.030525,-0.713917,-0.276991,-1.267765,3.036245
sample_007,40,Running,-13.421246,-12.030525,-0.713917,-0.276991,-1.267765,3.036245
sample_007,41,Running,13.879685,-11.624912,-6.725349,3.126799,-1.725865,8.293742
sample_007,42,Running,14.751563,18.55716,-5.547588,1.15324,-1.147914,2.812522
sample_007,43,Running,16.539446,9.930487,-3.399141,-1.885668,0.775041,-5.553132
sample_007,44,Running,14.248909,-11.408079,-4.128325,-1.568726,2.711313,-8.568069
sample_007,45,Running,5.0517,-16.4345,0.486906,-1.568726,-0.292971,-6.810244
sample_007,46,Running,-12.293128,-13.686337,5.070427,-0.990775,0.743081,-0.43413
sample_007,47,Running,-12.293128,-13.686337,5.070427,-0.990775,0.743081,-0.43413
sample_007,48,Running,-13.935216,-10.239732,-0.68796,1.020072,0.103872,4.210792
sample_007,49,Running,11.079215,-11.744891,-1.973428,3.086849,-0.767051,8.144593
sample_007,50,Running,14.973806,-7.949153,-5.854179,0.644536,-0.713784,8.34701
sample_007,51,Running,15.532154,10.130287,-1.811439,-1.566063,-0.175783,-4.607635
sample_007,52,Running,15.532154,10.130287,-1.811439,-1.566063,-0.175783,-4.607635
sample_007,53,Running,14.102749,-11.372763,-2.39535,-2.333114,3.044235,-8.203187
sample_007,54,Running,2.432545,-15.746946,1.03784,-1.720539,0.548655,-5.814142
sample_007,55,Running,-11.364473,-12.953819,2.279725,-2.306481,0.402169,-0.767051
sample_007,56,Running,-10.531921,-6.726201,0.754329,-0.151812,-0.743081,2.682016
sample_007,57,Running,6.379906,-11.674754,-2.446557,2.010846,-1.773806,6.269579
sample_007,58,Running,14.882484,-9.9189,-6.508678,2.695333,-1.560736,7.69182
sample_007,59,Running,13.312664,13.427603,-5.992695,-0.103872,-0.668507,2.407689
sample_007,60,Running,15.16338,14.366704,-3.734682,-1.853707,0.338248,-3.481028
sample_007,61,Running,14.243588,-9.648218,-4.072455,-1.502142,2.895086,-8.946268
sample_007,62,Running,8.072919,-16.89662,0.392368,-0.969468,0.143822,-7.201759
sample_007,63,Running,-12.273608,-16.548237,3.232104,-2.002856,-0.306288,-2.245223
sample_007,64,Running,-14.56271,-12.722007,4.542153,-1.09731,-0.138495,2.064114
sample_007,65,Running,1.142344,-14.118549,-3.696775,0.284981,-0.977458,5.989925
sample_007,66,Running,18.368628,-9.897646,-6.47432,4.73814,-3.441077,8.384296
sample_007,67,Running,12.191338,9.414928,-5.314755,0.495387,-1.310379,3.880534
sample_007,68,Running,11.602272,14.67701,-3.369591,-0.19709,0.415486,-0.561972
sample_007,69,Running,12.602325,7.731701,-4.06649,-1.480835,2.074767,-5.145636
sample_007,70,Running,12.602325,7.731701,-4.06649,-1.480835,2.074767,-5.145636
sample_007,71,Running,12.972923,-12.375048,-2.731276,-1.936272,3.153433,-9.010189
sample_007,72,Running,-17.800465,-13.487624,1.569763,-1.640638,0.508704,-0.404833
sample_007,73,Running,-14.834284,-8.808564,-3.066469,1.193191,-1.054696,3.670127
sample_007,74,Running,8.807013,-11.675333,-5.804728,2.567491,-1.771143,7.286987
sample_007,75,Running,13.240521,-2.162875,-3.470423,0.66318,-1.976222,5.055081
sample_007,76,Running,10.29687,11.710282,-2.66147,-0.26101,-1.435558,2.008183
sample_007,77,Running,10.29687,11.710282,-2.66147,-0.26101,-1.435558,2.008183
sample_007,78,Running,10.108654,10.642204,-0.800333,-1.227815,0.998765,-1.848381
sample_007,79,Running,12.292471,-5.010575,-0.242747,-0.348902,2.559501,-6.037866
sample_007,80,Running,1.35901,-12.99542,-3.179219,-1.126607,2.167985,-5.736905
sample_007,81,Running,-10.719055,-9.695831,2.739551,-1.110626,0.266337,-2.602115
sample_007,82,Running,-15.590739,-2.79209,0.55625,-0.70313,0.117188,1.177211
sample_007,83,Running,1.114078,-12.304148,-2.442724,2.202609,-1.257112,4.122901
sample_007,84,Running,14.096396,-10.58553,-4.120994,3.37183,-1.819084,5.614389
sample_007,85,Running,8.231966,7.211417,-3.863548,-0.282318,-1.022735,3.331879
sample_007,86,Running,7.363194,12.156841,-1.569723,-0.753734,-0.215733,0.729764
sample_007,87,Running,11.914184,6.235247,-2.835214,0.727101,0.775041,-3.808623
sample_007,88,Running,15.148499,-10.404298,-0.642285,-2.253213,1.691242,-6.722353
sample_007,89,Running,-3.820424,-11.959169,2.932595,0.095881,-1.147914,-4.021693
sample_007,90,Running,-15.04648,-5.990423,3.528408,-2.413016,0.69514,-1.371637
sample_007,91,Running,-12.927677,-5.393558,0.741288,-0.751071,0.103872,1.14525
sample_007,92,Running,11.275699,-11.90012,-2.157332,3.590226,-0.716447,4.599644
sample_007,93,Running,12.940866,-2.367498,-4.636701,1.376964,0.684487,5.097695
sample_007,94,Running,9.103465,6.955311,-6.104516,0.0,-0.010653,3.37982
sample_007,95,Running,7.052093,11.111779,-3.803361,-0.170456,0.090555,0.759061
sample_007,96,Running,9.021995,3.405194,-2.31732,0.471417,1.368974,-4.445169
sample_007,97,Running,3.552242,-12.276318,-4.569549,-2.378392,3.156097,-4.778091
sample_007,98,Running,-6.654377,-8.576643,-3.473584,-2.849809,2.897749,-2.897749
sample_007,99,Running,-13.677135,-6.305249,-0.51722,-2.916393,3.038908,-0.234377
sample_008,0,Running,1.916536,-0.465923,-0.374403,0.125179,-0.034624,-0.22905
sample_008,1,Running,1.916536,-0.465923,-0.374403,0.125179,-0.034624,-0.22905
sample_008,2,Running,-4.506995,-6.691695,-1.330023,0.708457,-0.055931,2.104064
sample_008,3,Running,7.477389,-10.995518,-3.230503,2.972324,-1.965569,5.177596
sample_008,4,Running,15.911235,-7.805502,-3.833633,3.803296,-0.980121,7.372215
sample_008,5,Running,11.292244,5.96088,-9.051298,1.984213,-0.010653,4.98317
sample_008,6,Running,9.949667,11.395008,-6.204843,-1.757826,-0.463427,-1.552746
sample_008,7,Running,13.480944,6.438585,-4.026298,-2.498244,0.314278,-4.290693
sample_008,8,Running,12.987659,-11.651011,-1.882143,-2.27452,3.044235,-7.481413
sample_008,9,Running,-2.45904,-15.477981,-0.905002,-0.276991,0.295634,-5.129655
sample_008,10,Running,-11.208222,-11.497365,1.398322,-1.544756,-0.468754,-1.747172
sample_008,11,Running,-9.728541,-7.5745,-0.185068,-0.117188,-0.961478,2.439649
sample_008,12,Running,2.761107,-12.164836,-2.85058,2.70066,-1.880341,5.776855
sample_008,13,Running,2.761107,-12.164836,-2.85058,2.70066,-1.880341,5.776855
sample_008,14,Running,7.898422,7.559184,-5.56166,1.115953,0.01598,2.580808
sample_008,15,Running,7.898422,7.559184,-5.56166,1.115953,0.01598,2.580808
sample_008,16,Running,7.361341,10.160477,-5.17594,-1.773806,0.106535,-0.764388
sample_008,17,Running,9.353582,5.512718,-0.060813,-0.48207,1.246458,-4.232099
sample_008,18,Running,-1.672355,-14.177541,2.433598,-0.833636,-1.020072,-4.628942
sample_008,19,Running,-1.672355,-14.177541,2.433598,-0.833636,-1.020072,-4.628942
sample_008,20,Running,-11.173168,-5.385005,3.149756,-0.399506,0.162466,-0.67916
sample_008,21,Running,-8.687606,-6.06222,-1.208655,0.050604,-0.047941,2.650056
sample_008,22,Running,6.602972,-11.078227,-1.093252,2.378392,-1.198518,6.019222
sample_008,23,Running,12.033769,-2.821124,-3.765092,0.921527,0.926854,6.117767
sample_008,24,Running,8.822663,9.993815,-5.786431,0.65519,0.111862,1.856371
sample_008,25,Running,10.754042,10.606177,-4.639723,-1.206508,-0.066584,-3.83792
sample_008,26,Running,15.913225,-4.326027,-1.992317,-1.664608,1.621994,-6.924768
sample_008,27,Running,4.389142,-14.227084,-2.277635,-1.725865,1.645964,-6.061836
sample_008,28,Running,4.389142,-14.227084,-2.277635,-1.725865,1.645964,-6.061836
sample_008,29,Running,-11.84072,-7.550539,0.222592,-0.447447,-0.479407,1.086656
sample_008,30,Running,-1.692246,-13.089598,-2.35047,2.956343,-1.952252,4.322654
sample_008,31,Running,16.041376,-10.579568,-4.425689,4.013702,-0.612576,7.590612
sample_008,32,Running,16.021866,-1.630796,-5.676207,2.367738,-0.125179,7.569305
sample_008,33,Running,10.069838,13.246981,-5.659116,-0.506041,-0.21307,0.942834
sample_008,34,Running,10.307489,10.936245,-3.484328,-0.530011,0.063921,-3.321226
sample_008,35,Running,13.943408,-10.281494,-1.346297,-2.516887,2.620759,-7.686493
sample_008,36,Running,-1.758587,-14.77384,3.332731,-0.410159,-0.791022,-5.43328
sample_008,37,Running,-11.998276,-11.844976,1.684128,-1.643301,0.41815,-2.082757
sample_008,38,Running,-13.952063,-5.288651,1.42352,-0.665843,-0.239704,0.812329
sample_008,39,Running,-4.120312,-10.359997,-0.60243,1.731192,-0.561972,3.720732
sample_008,40,Running,-4.120312,-10.359997,-0.60243,1.731192,-0.561972,3.720732
sample_008,41,Running,12.96682,0.335558,-5.922385,1.302389,0.338248,7.025977
sample_008,42,Running,12.96682,0.335558,-5.922385,1.302389,0.338248,7.025977
sample_008,43,Running,10.146557,14.391958,-7.058108,-0.45011,-0.348902,0.783032
sample_008,44,Running,11.909057,11.419685,-4.292365,-2.06145,0.085228,-4.330644
sample_008,45,Running,12.919132,-11.370993,1.296615,-1.864361,1.773806,-8.482842
sample_008,46,Running,-3.216157,-16.759995,2.278366,0.950824,-0.934844,-5.119002
sample_008,47,Running,-11.069849,-12.487911,4.094647,-0.114525,-0.88424,-2.604778
sample_008,48,Running,-12.685869,-11.01164,1.218901,0.841626,-0.972131,2.92971
sample_008,49,Running,1.249975,-13.702813,0.342495,2.727294,-1.099973,5.486548
sample_008,50,Running,17.872845,-10.32568,-3.674648,1.419578,0.990775,8.168564
sample_008,51,Running,11.250256,7.464528,-6.383224,1.859034,-0.189099,5.585092
sample_008,52,Running,10.457541,12.094919,-3.961213,-0.522021,-0.186436,-0.961478
sample_008,53,Running,13.339315,5.414537,-2.081274,-0.508704,1.115953,-5.739568
sample_008,54,Running,10.209641,-11.37521,-2.137218,-2.498244,3.313236,-8.64797
sample_008,55,Running,-5.804601,-16.010176,-0.750029,1.073339,-0.631219,-4.993824
sample_008,56,Running,-16.187263,-8.23662,3.605807,-0.396843,-0.284981,-0.018644
sample_008,57,Running,-5.990596,-9.183476,-4.531888,2.663373,-2.996294,3.089512
sample_008,58,Running,10.95176,-10.869057,-3.910945,4.826031,-1.79245,6.266916
sample_008,59,Running,13.995154,-7.939922,-2.755155,2.865789,0.585942,8.086
sample_008,60,Running,9.861265,14.790134,-5.424133,-0.183773,0.881576,1.973559
sample_008,61,Running,11.463581,11.652907,-3.216601,-0.111862,-0.242367,-3.646157
sample_008,62,Running,15.239793,-7.354999,-1.302058,-2.807195,3.193384,-7.974137
sample_008,63,Running,3.008658,-15.881813,-3.112336,-1.475509,1.552746,-6.163044
sample_008,64,Running,-10.239721,-14.647039,1.225559,-0.945497,-0.575289,-2.205272
sample_008,65,Running,-16.790117,-6.180954,2.643246,-0.532675,-0.335585,1.001428
sample_008,66,Running,-0.950086,-13.138767,-1.949435,2.362412,-1.515459,5.563785
sample_008,67,Running,-0.950086,-13.138767,-1.949435,2.362412,-1.515459,5.563785
sample_008,68,Running,16.88021,-10.305602,-3.929909,3.678118,-0.19709,8.205851
sample_008,69,Running,10.376316,11.530032,-3.82594,-1.3743,-0.189099,-3.947118
sample_008,70,Running,10.376316,11.530032,-3.82594,-1.3743,-0.189099,-3.947118
sample_008,71,Running,5.078458,-11.44866,1.7051,0.055931,0.820319,-6.519936
sample_008,72,Running,5.078458,-11.44866,1.7051,0.055931,0.820319,-6.519936
sample_008,73,Running,-4.962254,-17.160717,3.67329,0.511368,-1.664608,-3.989732
sample_008,74,Running,-11.036529,-10.383605,2.477607,0.673833,-1.041379,0.476744
sample_008,75,Running,-5.271521,-9.376495,1.153502,1.419578,-1.044042,4.338634
sample_008,76,Running,16.203773,-10.468934,-3.406886,2.354421,0.737754,8.245801
sample_008,77,Running,12.880807,4.263321,-6.19836,0.617902,0.452773,7.492067
sample_008,78,Running,8.886299,10.247698,-5.123344,-0.436793,-1.230478,0.580615
sample_008,79,Running,11.261833,7.867527,-3.441011,-1.033389,-0.242367,-3.481028
sample_008,80,Running,12.266754,0.460465,-1.974153,-1.664608,1.584707,-5.952638
sample_008,81,Running,12.266754,0.460465,-1.974153,-1.664608,1.584707,-5.952638
sample_008,82,Running,-10.314838,-13.466641,3.013869,-1.323696,-0.21307,-3.619523
sample_008,83,Running,-13.749985,-3.724952,1.208059,-0.103872,-0.844289,1.459528
sample_008,84,Running,-2.846839,-11.95483,-1.545189,3.044235,-1.906975,4.157525
sample_008,85,Running,12.586274,-10.194262,-3.438166,2.804531,-0.575289,6.314857
sample_008,86,Running,8.549908,8.351171,-4.874657,-0.231713,-0.03196,2.628749
sample_008,87,Running,6.425698,10.595575,-2.959464,0.250357,-0.053267,-1.052032
sample_008,88,Running,9.080939,7.246139,-3.265418,-0.138495,0.732428,-4.298683
sample_008,89,Running,9.390144,-11.373405,-0.995707,-2.687343,2.439649,-7.396185
sample_008,90,Running,-5.287123,-15.059671,1.468276,-1.560736,-0.111862,-3.664801
sample_008,91,Running,-12.203129,-6.874502,1.971101,-1.944262,-0.00799,-0.460763
sample_008,92,Running,-9.114121,-6.249931,0.95435,1.017408,-1.102636,2.647392
sample_008,93,Running,9.848646,-10.228495,-3.442668,1.880341,-0.657853,6.794263
sample_008,94,Running,12.79613,-2.332604,-4.828838,0.018644,-0.332922,6.31752
sample_008,95,Running,12.79613,-2.332604,-4.828838,0.018644,-0.332922,6.31752
sample_008,96,Running,9.235642,10.737961,-3.584698,0.306288,-0.697804,1.667271
sample_008,97,Running,13.419512,-2.331311,-0.238991,-0.617902,0.255684,-6.330837
sample_008,98,Running,13.419512,-2.331311,-0.238991,-0.617902,0.255684,-6.330837
sample_008,99,Running,-10.327865,-10.408194,1.924294,-2.50357,0.26101,-2.189292
sample_009,0,Running,2.221946,-0.783638,0.142401,0.055931,0.071911,0.226387
sample_009,1,Running,2.221946,-0.783638,0.142401,0.055931,0.071911,0.226387
sample_009,2,Running,-7.704172,-4.569924,2.447367,-0.44212,0.010653,-1.978886
sample_009,3,Running,-10.204578,-7.286369,-0.526095,0.22106,-0.141159,0.181109
sample_009,4,Running,2.69948,-11.371817,-3.895602,2.96167,-0.969468,4.186821
sample_009,5,Running,17.69389,-10.019962,-5.755945,3.089512,-1.275755,7.553325
sample_009,6,Running,13.429123,6.271763,-8.266397,1.574053,-0.713784,4.834021
sample_009,7,Running,13.429123,6.271763,-8.266397,1.574053,-0.713784,4.834021
sample_009,8,Running,13.158327,9.563961,-6.144929,-2.620759,1.241132,-5.276141
sample_009,9,Running,9.65859,-11.845804,-0.473718,-1.025398,1.893658,-7.180452
sample_009,10,Running,-7.56682,-12.579346,0.285955,-0.239704,-0.090555,-3.478365
sample_009,11,Running,-15.388742,-6.489952,-0.190517,-0.886903,0.242367,0.455437
sample_009,12,Running,-6.604001,-7.108162,-2.124021,0.844289,-0.998765,3.297255
sample_009,13,Running,-6.604001,-7.108162,-2.124021,0.844289,-0.998765,3.297255
sample_009,14,Running,12.061059,0.794457,-4.024847,0.940171,-0.601922,5.752885
sample_009,15,Running,12.061059,0.794457,-4.024847,0.940171,-0.601922,5.752885
sample_009,16,Running,7.156232,12.062464,-5.088419,-0.308951,-0.729764,-1.329023
sample_009,17,Running,8.011922,8.872772,-5.335676,-2.399699,1.086656,-4.373258
sample_009,18,Running,13.433666,-8.316735,-3.08514,-2.303817,4.003049,-7.097888
sample_009,19,Running,0.865107,-16.975437,-3.003674,-1.262439,0.588605,-5.238854
sample_009,20,Running,-15.525042,-9.534504,1.024474,-1.835064,0.316941,0.66318
sample_009,21,Running,-10.233915,-9.265916,-2.369154,1.006755,-1.805767,3.422434
sample_009,22,Running,9.195869,-11.11019,-2.949498,4.399891,-1.520786,6.405411
sample_009,23,Running,15.925344,-4.859624,-5.273434,3.606206,0.210406,6.205658
sample_009,24,Running,7.069539,13.138102,-4.807694,-2.146678,-0.087891,0.865596
sample_009,25,Running,8.348442,11.909311,-1.167257,-1.033389,0.00799,-3.670127
sample_009,26,Running,10.580294,-4.863139,-1.212052,-2.836492,3.102829,-7.159145
sample_009,27,Running,-3.736074,-15.333521,3.841055,-0.042614,-0.881576,-4.716833
sample_009,28,Running,-10.878026,-13.279336,2.600813,-1.294399,0.340912,0.239704
sample_009,29,Running,-3.676805,-7.234417,-2.067421,0.881576,-1.568726,4.426525
sample_009,30,Running,13.422832,-10.033811,-3.07971,3.068205,-1.241132,6.522599
sample_009,31,Running,11.358536,2.432379,-4.76154,1.107963,0.335585,4.945883
sample_009,32,Running,6.891267,10.915147,-4.862567,-0.532675,-0.125179,-1.38229
sample_009,33,Running,11.29808,7.058714,-2.639935,-1.912302,0.037287,-5.627706
sample_009,34,Running,10.886322,-10.407839,-0.571631,-1.797777,2.24256,-7.116531
sample_009,35,Running,-0.546267,-16.333815,-0.936161,-1.310379,1.060022,-4.826031
sample_009,36,Running,-11.862338,-10.233715,1.305822,-1.15324,0.173119,0.223723
sample_009,37,Running,-11.862338,-10.233715,1.305822,-1.15324,0.173119,0.223723
sample_009,38,Running,8.481867,-10.903373,-2.924402,3.118809,-1.749836,6.594511
sample_009,39,Running,11.795431,-0.82764,-5.111199,0.846953,-0.359555,6.794263
sample_009,40,Running,11.795431,-0.82764,-5.111199,0.846953,-0.359555,6.794263
sample_009,41,Running,9.62163,10.213011,-4.476669,1.219825,-0.402169,0.460763
sample_009,42,Running,13.076652,-3.694826,-0.712183,-0.6472,1.960242,-6.34149
sample_009,43,Running,13.076652,-3.694826,-0.712183,-0.6472,1.960242,-6.34149
sample_009,44,Running,-14.025946,-9.459988,0.931274,0.396843,-0.4581,-0.801675
sample_009,45,Running,-14.025946,-9.459988,0.931274,0.396843,-0.4581,-0.801675
sample_009,46,Running,-12.636258,-4.014316,-0.06928,-0.210406,-0.969468,1.57938
sample_009,47,Running,5.06265,-11.397467,-2.134412,5.137646,-2.538194,4.722159
sample_009,48,Running,11.476304,-10.369916,-3.961535,2.623422,0.175783,5.904697
sample_009,49,Running,9.23195,8.411849,-5.475656,0.364882,0.500714,3.457058
sample_009,50,Running,13.10746,0.927722,-1.206708,-0.335585,1.542093,-5.85942
sample_009,51,Running,13.10746,0.927722,-1.206708,-0.335585,1.542093,-5.85942
sample_009,52,Running,-0.65414,-12.834628,-1.240264,-1.928282,2.729957,-5.782182
sample_009,53,Running,-14.592692,-12.157019,0.063976,-1.315706,0.577952,-1.664608
sample_009,54,Running,-9.652962,-3.690944,-0.269157,1.475509,-1.438221,2.532867
sample_009,55,Running,2.285077,-11.026693,-2.602691,1.787123,-1.717875,4.836685
sample_009,56,Running,12.50435,-6.389175,-4.927712,1.55541,-0.764388,4.98317
sample_009,57,Running,7.899374,11.007549,-2.978043,-0.559308,-0.034624,0.44212
sample_009,58,Running,7.870136,8.598926,-1.828915,-0.719111,0.822982,-4.090941
sample_009,59,Running,8.034016,-10.356581,-2.300406,-1.837727,2.801868,-5.481221
sample_009,60,Running,-4.053874,-14.410095,0.83658,-0.479407,0.684487,-3.976415
sample_009,61,Running,-11.113731,-10.777903,2.550162,-0.551318,0.380862,-1.094646
sample_009,62,Running,-8.408858,-4.522783,-0.772666,1.414251,-1.313043,2.285174
sample_009,63,Running,8.682655,-10.603638,-5.052769,2.466283,-1.672598,6.016559
sample_009,64,Running,11.080595,3.694521,-6.288447,-0.127842,-0.375536,5.052418
sample_009,65,Running,7.031618,10.690029,-1.742142,0.9162,-1.073339,0.564635
sample_009,66,Running,10.125511,7.470233,-1.558093,-1.171884,1.012082,-4.274713
sample_009,67,Running,10.085585,-7.194067,-3.750647,-2.820512,3.718068,-5.694291
sample_009,68,Running,2.396704,-15.407652,-0.949095,-1.992203,0.00799,-5.6863
sample_009,69,Running,-13.080339,-11.071421,3.555292,-2.130698,0.250357,-0.157139
sample_009,70,Running,-10.709501,-6.544721,-0.626881,0.114525,-0.431466,3.116146
sample_009,71,Running,-0.136473,-6.801473,-6.062816,4.588991,-2.943027,5.888717
sample_009,72,Running,14.601121,-8.861425,-5.830895,4.676882,-1.861697,5.89937
sample_009,73,Running,10.558291,9.903763,-5.060756,-0.327595,0.111862,1.867024
sample_009,74,Running,8.282672,9.695986,-2.011501,-0.769715,0.833636,-4.06697
sample_009,75,Running,10.838271,-2.452496,-1.274383,-1.195854,1.933608,-6.280232
sample_009,76,Running,10.838271,-2.452496,-1.274383,-1.195854,1.933608,-6.280232
sample_009,77,Running,-1.12294,-14.56124,1.509899,-0.830972,0.202416,-4.538387
sample_009,78,Running,-12.720577,-8.881319,4.04067,-1.79245,-0.002663,-0.721774
sample_009,79,Running,-11.289421,-5.533914,3.051191,0.324931,-0.580615,2.223916
sample_009,80,Running,8.414588,-10.581888,-3.863872,2.719303,-0.820319,5.947311
sample_009,81,Running,14.391207,-10.245263,-5.433517,3.105492,-0.415486,6.152391
sample_009,82,Running,9.668654,9.616966,-4.755169,0.503377,-0.19709,2.141352
sample_009,83,Running,8.134576,10.569368,-3.017313,-1.933608,-0.095881,-2.218589
sample_009,84,Running,15.128651,4.280697,-2.886732,-1.8324,1.526112,-5.742231
sample_009,85,Running,3.332233,-13.973597,3.168759,0.90022,-0.852279,-6.298876
sample_009,86,Running,-11.155935,-13.746769,4.292092,-2.588798,0.583279,-2.618095
sample_009,87,Running,-12.765718,-7.094837,0.155046,-1.251785,-0.133169,1.275755
sample_009,88,Running,-4.288213,-8.875654,-1.127304,-0.095881,-1.201181,3.052225
sample_009,89,Running,16.410984,-10.444338,-3.324964,3.763346,-1.014745,6.157717
sample_009,90,Running,11.345117,1.453572,-4.830971,1.038715,-0.609912,5.561122
sample_009,91,Running,8.734665,12.539498,-4.713674,-0.010653,-0.330258,0.836299
sample_009,92,Running,11.664628,7.914658,-3.547131,-1.590033,0.993438,-3.42776
sample_009,93,Running,12.536871,-10.456187,-1.997421,-1.933608,3.747365,-6.320183
sample_009,94,Running,-7.077502,-13.672698,-3.083156,0.759061,0.918864,-3.491681
sample_009,95,Running,-12.811468,-6.135539,-0.729235,-0.849616,-0.356892,0.604586
sample_009,96,Running,-6.263309,-3.015144,-2.1701,0.756398,-1.909638,3.489018
sample_009,97,Running,8.318001,-9.993502,-3.156351,2.735284,-2.383719,5.926004
sample_009,98,Running,9.266587,1.553208,-3.758828,0.093218,-0.881576,3.960435
sample_009,99,Running,7.245494,8.805635,-4.066924,-0.045277,-0.002663,-0.162466
sample_010,0,Running,1.463566,1.782945,-0.817491,0.082565,0.159802,0.095881
sample_010,1,Running,1.463566,1.782945,-0.817491,0.082565,0.159802,0.095881
sample_010,2,Running,6.169349,8.098975,-5.628303,-2.671363,0.282318,-1.502142
sample_010,3,Running,12.296801,0.205007,-1.64851,-3.390473,3.235998,-2.567491
sample_010,4,Running,11.157435,-6.774211,-5.80718,-4.602308,4.652912,-3.949781
sample_010,5,Running,-2.557462,-16.85775,-3.233827,-0.788358,0.242367,-4.551704
sample_010,6,Running,-15.083504,-13.160147,2.348255,-0.673833,-0.154476,-0.029297
sample_010,7,Running,-15.674061,-9.306591,-4.456994,-1.387617,-0.135832,3.563592
sample_010,8,Running,16.076803,-10.505504,-5.453126,4.7701,-3.259968,7.633226
sample_010,9,Running,21.358442,-9.962763,-5.379484,5.20423,-4.008376,7.963484
sample_010,10,Running,21.358442,-9.962763,-5.379484,5.20423,-4.008376,7.963484
sample_010,11,Running,12.536055,12.447036,-4.751848,-2.399699,1.294399,-2.138688
sample_010,12,Running,14.006068,-1.866807,-0.689346,-0.01598,2.839155,-6.256262
sample_010,13,Running,14.006068,-1.866807,-0.689346,-0.01598,2.839155,-6.256262
sample_010,14,Running,8.008252,-12.989611,-2.261858,-0.314278,2.543521,-6.077816
sample_010,15,Running,-9.272488,-12.730709,0.450391,-0.500714,-0.388852,-2.868452
sample_010,16,Running,-21.334122,-0.43371,0.198265,-0.287644,-0.380862,0.490061
sample_010,17,Running,-0.657898,-14.167108,-4.930368,0.585942,0.018644,3.483691
sample_010,18,Running,12.633326,5.847771,-6.33204,2.066777,-0.567298,5.598409
sample_010,19,Running,12.633326,5.847771,-6.33204,2.066777,-0.567298,5.598409
sample_010,20,Running,12.393003,12.585959,-8.01333,-1.099973,-0.093218,0.988111
sample_010,21,Running,17.29112,12.047786,-2.690122,-2.450303,1.315706,-4.73015
sample_010,22,Running,13.891622,-11.619503,1.290823,-0.633883,3.736712,-9.201952
sample_010,23,Running,8.104223,-17.21151,0.181764,-1.233142,0.503377,-6.884818
sample_010,24,Running,-14.726233,-12.102817,0.177189,-1.560736,-0.492724,-0.476744
sample_010,25,Running,-18.143925,-9.124188,-0.425785,-0.617902,-0.910873,2.000193
sample_010,26,Running,6.673007,-13.026332,-6.422743,2.130698,-1.478172,6.304203
sample_010,27,Running,17.278278,-10.070143,-6.270027,3.800633,-2.386382,8.488169
sample_010,28,Running,7.947095,11.88269,-4.087519,-0.415486,-0.468754,3.536959
sample_010,29,Running,10.027427,17.553703,-2.570838,-0.463427,-1.331686,-2.221253
sample_010,30,Running,9.233693,5.521374,-0.353273,-3.113483,3.001621,-4.71417
sample_010,31,Running,11.345738,-14.377306,-0.817001,-1.616667,3.086849,-9.175319
sample_010,32,Running,6.662699,-18.323002,-3.65099,1.158567,1.123943,-4.812714
sample_010,33,Running,-11.768057,-11.67187,-2.586948,0.01598,-1.32636,0.388852
sample_010,34,Running,-11.768057,-11.67187,-2.586948,0.01598,-1.32636,0.388852
sample_010,35,Running,3.761086,-11.734545,-8.30096,0.4581,-2.570154,7.180452
sample_010,36,Running,19.320004,-9.794447,-6.70408,2.796541,-3.046898,8.986219
sample_010,37,Running,14.394332,14.176589,-2.473159,-0.002663,-1.510132,2.948354
sample_010,38,Running,15.024952,16.043823,-2.070768,-1.134597,0.985448,-2.900413
sample_010,39,Running,15.305217,-0.234119,0.566904,-1.107963,5.577102,-5.545142
sample_010,40,Running,10.597512,-15.843071,-10.974634,-2.444976,5.566449,-8.368317
sample_010,41,Running,8.351728,-20.41145,-19.197697,-4.120237,4.612961,-5.641023
sample_010,42,Running,-11.70877,-19.54021,-11.347899,1.909638,-1.478172,-0.822982
sample_010,43,Running,-11.70877,-19.54021,-11.347899,1.909638,-1.478172,-0.822982
sample_010,44,Running,13.068705,-12.503189,-17.786755,4.349288,-1.896321,8.315049
sample_010,45,Running,13.068705,-12.503189,-17.786755,4.349288,-1.896321,8.315049
sample_010,46,Running,20.379496,-9.862377,-10.164472,3.587563,-3.526305,10.922491
sample_010,47,Running,21.209743,14.655124,-3.16917,0.511368,-2.306481,1.877678
sample_010,48,Running,18.676886,10.838687,-3.934633,-1.438221,1.619331,-1.438221
sample_010,49,Running,13.735985,5.612109,-3.326412,-0.234377,3.16675,-4.333307
sample_010,50,Running,12.571945,-13.6108,-11.654694,-4.200139,5.814142,-7.44679
sample_010,51,Running,-2.290958,-18.38235,-6.106397,0.271664,1.147914,-5.553132
sample_010,52,Running,-20.401234,-14.16558,0.713296,-1.80843,0.234377,-1.744509
sample_010,53,Running,-13.253191,-13.645792,-3.602746,1.531439,-0.753734,2.333114
sample_010,54,Running,12.098077,-13.464474,-9.140404,2.634075,-1.744509,8.067355
sample_010,55,Running,19.00711,-7.825152,-7.191491,1.683252,-4.28004,9.007526
sample_010,56,Running,15.378412,16.429052,0.300168,1.091983,-2.68468,3.579573
sample_010,57,Running,13.936638,13.721521,2.482086,-0.921527,1.875014,-1.720539
sample_010,58,Running,14.032475,6.507844,1.99325,0.68715,3.971088,-4.543714
sample_010,59,Running,12.279818,-13.526251,-11.326323,-3.481028,6.485312,-6.176361
sample_010,60,Running,0.770494,-16.89558,-13.882936,-1.813757,4.189485,-5.720924
sample_010,61,Running,-11.363322,-14.238453,-10.995474,-2.159995,1.139924,-2.836492
sample_010,62,Running,-14.019058,-13.66374,-10.248077,1.225151,-1.675261,1.371637
sample_010,63,Running,-14.019058,-13.66374,-10.248077,1.225151,-1.675261,1.371637
sample_010,64,Running,16.046852,-10.958958,-8.539476,3.137453,-4.154861,7.729107
sample_010,65,Running,16.046852,-10.958958,-8.539476,3.137453,-4.154861,7.729107
sample_010,66,Running,18.10653,12.556651,-1.229736,1.568726,-1.518122,2.285174
sample_010,67,Running,18.10653,12.556651,-1.229736,1.568726,-1.518122,2.285174
sample_010,68,Running,14.001377,12.445955,-1.133511,-1.531439,1.339676,-1.398271
sample_010,69,Running,17.618273,-10.657651,-3.214167,-1.872351,5.047091,-9.915736
sample_010,70,Running,-11.591866,-17.26986,0.354666,-3.36384,0.191763,-3.720732
sample_010,71,Running,-11.591866,-17.26986,0.354666,-3.36384,0.191763,-3.720732
sample_010,72,Running,-18.20832,-15.99946,2.817926,-1.446211,0.239704,0.298298
sample_010,73,Running,6.128111,-16.019844,-15.221759,6.733006,-2.943027,6.914115
sample_010,74,Running,16.86835,-10.500562,-11.429727,5.499864,-4.99915,9.244566
sample_010,75,Running,18.057554,1.109122,-4.405191,-1.054696,-2.04547,6.213648
sample_010,76,Running,15.74589,10.628016,2.905359,0.721774,0.250357,1.629984
sample_010,77,Running,13.12495,9.462623,0.701392,-0.194426,2.28251,-1.914965
sample_010,78,Running,16.192863,-11.004374,-5.026721,-2.626085,4.506426,-8.413594
sample_010,79,Running,-4.042183,-15.091291,-1.73912,0.061258,1.534103,-5.920677
sample_010,80,Running,-17.059076,-9.940175,0.892754,-1.848381,0.391516,-2.237233
sample_010,81,Running,-16.07752,-6.29786,1.600373,0.673833,-1.3743,0.870923
sample_010,82,Running,4.364211,-14.186323,-5.645748,4.55703,-2.365075,4.618288
sample_010,83,Running,16.494602,-10.450041,-6.858243,1.976222,-1.387617,7.777048
sample_010,84,Running,10.638096,9.581043,-1.244407,-0.67117,-1.981549,4.908596
sample_010,85,Running,11.818276,11.061704,1.446566,0.101208,-1.11329,0.90821
sample_010,86,Running,12.51149,9.49567,0.952028,-0.266337,1.38229,-2.72463
sample_010,87,Running,17.085257,-10.393761,-2.994683,-1.107963,5.084378,-7.630562
sample_010,88,Running,8.382873,-15.526423,-2.923086,-0.705794,1.35832,-7.979464
sample_010,89,Running,-10.667113,-16.54537,0.905264,-2.373065,-0.284981,-3.776662
sample_010,90,Running,-16.717598,-11.709928,2.526056,-1.251785,-0.402169,0.255684
sample_010,91,Running,6.446341,-15.531235,-7.351915,2.370402,-0.988111,5.257497
sample_010,92,Running,15.698234,-10.639409,-5.716784,2.847145,-2.748601,7.766394
sample_010,93,Running,15.698234,-10.639409,-5.716784,2.847145,-2.748601,7.766394
sample_010,94,Running,11.115237,14.871746,-2.275496,0.814992,-0.775041,1.608677
sample_010,95,Running,11.115237,14.871746,-2.275496,0.814992,-0.775041,1.608677
sample_010,96,Running,10.871691,13.460014,-1.530095,-0.210406,1.59536,-2.719303
sample_010,97,Running,15.845107,-10.625976,-3.878074,-3.441077,3.944455,-7.798355
sample_010,98,Running,-12.58462,-14.784469,-1.550934,-0.250357,-0.724437,-2.287837
sample_010,99,Running,-13.454231,-9.44613,3.256126,0.22905,-1.262439,1.526112
sample_011,0,Running,1.186069,0.013225,-0.377872,0.367545,-0.25302,0.114525
sample_011,1,Running,1.186069,0.013225,-0.377872,0.367545,-0.25302,0.114525
sample_011,2,Running,0.025475,1.926289,-1.253871,0.22106,-0.500714,-0.173119
sample_011,3,Running,-2.577381,-4.003676,1.080195,-1.179874,-0.002663,-0.311615
sample_011,4,Running,-6.588059,-6.491396,0.128614,-0.532675,0.19709,1.297062
sample_011,5,Running,-0.003081,-10.113441,-5.765094,0.159802,-0.029297,3.699425
sample_011,6,Running,12.470619,-10.127852,-5.869516,3.291929,-2.655382,7.734434
sample_011,7,Running,15.029918,-4.595093,-5.124391,2.594125,-1.739182,8.34701
sample_011,8,Running,10.173779,5.505546,-4.649252,0.993438,-0.362219,1.685915
sample_011,9,Running,13.856394,11.808018,-6.286937,-1.973559,-0.314278,-1.877678
sample_011,10,Running,13.856394,11.808018,-6.286937,-1.973559,-0.314278,-1.877678
sample_011,11,Running,12.073692,-13.373106,-3.388876,-0.03196,3.819276,-8.456208
sample_011,12,Running,4.359505,-17.987598,-0.834225,2.546184,-1.222488,-6.117767
sample_011,13,Running,-11.788841,-13.395877,4.447168,-1.233142,-0.950824,-1.688578
sample_011,14,Running,-11.788841,-13.395877,4.447168,-1.233142,-0.950824,-1.688578
sample_011,15,Running,-15.054348,-9.298069,2.654254,-1.13726,0.551318,1.483499
sample_011,16,Running,-2.516662,-16.088655,-3.912182,0.812329,0.26101,4.431852
sample_011,17,Running,16.264482,-10.449763,-3.12768,2.540857,-1.091983,9.739953
sample_011,18,Running,18.25175,0.704082,-4.872808,1.632647,-0.101208,8.544099
sample_011,19,Running,12.943487,10.739,-6.054272,0.964141,-1.230478,2.69267
sample_011,20,Running,15.974556,16.473137,-7.217113,-2.764581,0.9162,-2.620759
sample_011,21,Running,20.505526,-1.311897,-1.28815,-0.407496,3.172077,-8.498822
sample_011,22,Running,10.978583,-14.99707,-3.36226,-1.278419,2.745937,-10.586906
sample_011,23,Running,-2.386847,-19.72295,0.594393,1.491489,-1.411588,-4.692863
sample_011,24,Running,-17.79291,-11.828013,4.150428,-0.322268,-0.183773,0.812329
sample_011,25,Running,-6.443183,-12.564303,-3.006472,1.009418,-0.308951,4.208129
sample_011,26,Running,12.886251,-12.490168,-2.863329,2.548847,-0.620566,7.398849
sample_011,27,Running,21.03813,-4.578857,-3.297884,1.944262,0.154476,9.70533
sample_011,28,Running,13.79652,11.809376,-7.124581,0.085228,0.159802,3.803296
sample_011,29,Running,16.59626,13.005058,-5.351831,-3.094839,0.596595,-4.519743
sample_011,30,Running,16.665878,2.8755,-2.073558,-2.418342,3.409117,-7.840969
sample_011,31,Running,9.223181,-15.221169,-0.752204,0.189099,0.972131,-7.593275
sample_011,32,Running,-5.737395,-17.762524,4.561148,0.788358,-1.118617,-2.28251
sample_011,33,Running,-10.51635,-8.922848,2.001217,-0.359555,0.165129,2.436986
sample_011,34,Running,4.784165,-12.086002,-1.888129,2.450303,-1.606014,6.975373
sample_011,35,Running,18.875048,-9.816839,-7.225592,1.006755,-0.607249,9.01818
sample_011,36,Running,12.286322,15.579748,-4.705069,3.536959,-0.567298,4.791407
sample_011,37,Running,8.183146,13.015564,-3.890261,-0.394179,-1.065349,-3.792643
sample_011,38,Running,11.815028,0.738812,-1.400491,-4.317327,3.64083,-6.951402
sample_011,39,Running,9.69754,-13.471138,-2.579957,-1.803103,3.795306,-7.790365
sample_011,40,Running,1.854103,-18.169882,-0.864822,1.747172,-0.351565,-4.588991
sample_011,41,Running,-10.550063,-13.364213,1.516182,-1.789786,-0.378199,0.673833
sample_011,42,Running,-7.130895,-9.752937,-0.59406,0.415486,-1.427568,3.361176
sample_011,43,Running,-7.130895,-9.752937,-0.59406,0.415486,-1.427568,3.361176
sample_011,44,Running,14.365209,-11.127356,-2.850575,3.997722,-1.270429,7.960821
sample_011,45,Running,11.854368,13.775543,-7.176801,-1.006755,-0.157139,1.233142
sample_011,46,Running,11.854368,13.775543,-7.176801,-1.006755,-0.157139,1.233142
sample_011,47,Running,17.400438,9.17563,-2.950912,-2.093411,-0.114525,-5.91535
sample_011,48,Running,17.231165,-4.301303,-0.367932,-1.360983,2.599452,-8.658624
sample_011,49,Running,8.788607,-17.073051,-1.98485,-1.973559,1.542093,-7.766394
sample_011,50,Running,-6.031495,-18.70762,3.965562,0.21307,-1.169221,-3.113483
sample_011,51,Running,-12.483384,-11.826844,3.017822,-1.922955,0.173119,0.356892
sample_011,52,Running,-5.468712,-10.534593,-3.042904,1.624657,-1.235805,4.75412
sample_011,53,Running,13.361612,-11.46725,-4.808487,3.313236,-1.803103,8.315049
sample_011,54,Running,17.054764,-1.110285,-4.039399,2.117381,-0.807002,8.541436
sample_011,55,Running,13.690323,12.294088,-6.055667,-0.383526,-0.737754,1.13726
sample_011,56,Running,13.345961,11.978704,-3.765909,-1.422241,-0.018644,-3.584899
sample_011,57,Running,16.313887,-2.537159,2.125025,-1.590033,2.820512,-7.47875
sample_011,58,Running,10.313257,-15.969686,-5.537915,-1.55541,1.174547,-8.557416
sample_011,59,Running,-4.728924,-20.03107,3.99641,-1.257112,-1.209171,-3.614197
sample_011,60,Running,-15.540583,-11.547593,4.877081,-1.890995,0.282318,0.223723
sample_011,61,Running,-5.571188,-16.568546,-7.360809,0.178446,-1.203844,4.908596
sample_011,62,Running,15.616809,-10.806076,-10.992846,2.982977,-3.251978,9.04215
sample_011,63,Running,15.616809,-10.806076,-10.992846,2.982977,-3.251978,9.04215
sample_011,64,Running,14.187171,11.353537,-3.051879,0.48207,-0.391516,2.596788
sample_011,65,Running,17.15955,11.522755,-3.562188,-1.488825,1.238468,-3.931138
sample_011,66,Running,18.724213,-9.372882,2.17443,-1.033389,2.666036,-8.63199
sample_011,67,Running,7.271192,-14.095032,-0.44416,0.69514,1.083993,-7.992781
sample_011,68,Running,-8.405854,-18.223373,0.018413,-0.561972,-0.543328,-5.129655
sample_011,69,Running,-16.365904,-9.517858,2.437926,-1.185201,-0.89223,-0.609912
sample_011,70,Running,-16.365904,-9.517858,2.437926,-1.185201,-0.89223,-0.609912
sample_011,71,Running,10.849537,-12.783779,-5.223281,3.784653,-0.838962,6.82356
sample_011,72,Running,18.851183,-9.996719,-3.458099,1.954915,-0.580615,9.393715
sample_011,73,Running,16.616974,10.258044,-5.261799,2.040144,-1.246458,5.553132
sample_011,74,Running,16.616974,10.258044,-5.261799,2.040144,-1.246458,5.553132
sample_011,75,Running,18.376577,0.602453,-0.606197,-0.69514,1.84039,-7.769058
sample_011,76,Running,18.376577,0.602453,-0.606197,-0.69514,1.84039,-7.769058
sample_011,77,Running,11.725198,-13.779863,-1.117311,-0.862933,3.020264,-9.883776
sample_011,78,Running,-2.770517,-19.978266,4.822478,2.197282,-2.570154,-4.55703
sample_011,79,Running,-12.851477,-11.840003,5.75415,-1.763153,-0.729764,-0.335585
sample_011,80,Running,-12.082811,-8.179528,0.820193,-1.499479,0.641873,2.612768
sample_011,81,Running,4.637031,-14.874316,-4.370811,2.460956,-0.743081,5.547805
sample_011,82,Running,16.248041,-10.406904,-3.829068,2.785888,-1.616667,9.068784
sample_011,83,Running,14.972124,8.45029,-6.107721,3.568919,-1.384954,6.13641
sample_011,84,Running,12.782948,14.746841,-6.789846,0.897557,-0.111862,0.455437
sample_011,85,Running,14.156454,10.371875,-5.212993,-2.530204,1.273092,-5.174933
sample_011,86,Running,13.061649,-12.283276,-2.948029,-2.687343,3.568919,-10.762689
sample_011,87,Running,1.870894,-19.545107,1.342188,-0.436793,-0.90821,-5.289458
sample_011,88,Running,-13.126123,-15.232924,2.843375,-1.472845,-0.452773,-0.527348
sample_011,89,Running,-12.09161,-11.573404,0.665219,1.078666,-0.862933,2.761917
sample_011,90,Running,7.55908,-12.937815,-5.697938,4.136218,-1.352993,7.7078
sample_011,91,Running,16.320559,-7.899349,-6.114813,2.759254,-0.966804,8.413594
sample_011,92,Running,10.825933,12.122758,-4.959335,-0.820319,-0.934844,2.514224
sample_011,93,Running,9.880846,13.214571,-0.784982,-0.375536,-0.724437,-1.803103
sample_011,94,Running,14.304153,2.494569,-4.019039,-2.849809,3.140116,-6.3335
sample_011,95,Running,7.833264,-13.177158,0.058207,0.135832,2.594125,-7.345582
sample_011,96,Running,-6.4065,-16.541258,2.297507,0.149149,-0.545991,-3.531632
sample_011,97,Running,-14.138376,-7.481679,3.088278,-0.535338,-0.436793,1.182537
sample_011,98,Running,-7.391796,-12.298756,-1.373897,-0.162466,-0.753734,3.275948
sample_011,99,Running,15.626068,-10.701664,-1.489454,3.235998,-1.406261,7.547998
sample_012,0,Running,-0.359319,0.152819,-0.064578,0.039951,-0.042614,0.125179
sample_012,1,Running,-0.359319,0.152819,-0.064578,0.039951,-0.042614,0.125179
sample_012,2,Running,4.011746,1.048811,-1.804903,-1.347667,0.572625,-1.861697
sample_012,3,Running,3.969688,-1.928682,1.817027,-0.066584,-0.402169,-2.207936
sample_012,4,Running,3.969688,-1.928682,1.817027,-0.066584,-0.402169,-2.207936
sample_012,5,Running,-10.496927,-5.79064,1.92102,-0.681823,0.106535,0.436793
sample_012,6,Running,-12.606166,-4.710909,-0.485446,-1.424904,0.498051,1.890995
sample_012,7,Running,-12.606166,-4.710909,-0.485446,-1.424904,0.498051,1.890995
sample_012,8,Running,19.444656,-9.796182,-7.878422,6.173698,-3.156097,10.975759
sample_012,9,Running,19.444656,-9.796182,-7.878422,6.173698,-3.156097,10.975759
sample_012,10,Running,23.318779,21.99324,-1.833339,-1.227815,1.853707,-4.093604
sample_012,11,Running,23.318779,21.99324,-1.833339,-1.227815,1.853707,-4.093604
sample_012,12,Running,14.282791,-11.378163,-2.927413,-0.03196,5.712934,-10.387153
sample_012,13,Running,9.474254,-17.809843,0.738084,1.906975,-0.250357,-7.228393
sample_012,14,Running,-10.076178,-19.48147,0.503626,-1.747172,-0.588605,-1.219825
sample_012,15,Running,-17.87264,-8.41152,0.033751,-1.704558,-0.740418,2.117381
sample_012,16,Running,-5.046351,-15.219399,-5.32645,0.609912,-2.343768,4.871308
sample_012,17,Running,15.415035,-10.84576,-10.941614,2.607442,-3.164087,9.130041
sample_012,18,Running,17.733408,6.204001,-4.95661,1.55541,-1.520786,7.571968
sample_012,19,Running,19.888285,23.366014,-4.434639,-0.42614,-0.620566,-0.612576
sample_012,20,Running,19.570381,8.556479,-6.383581,-2.596788,5.430617,-6.836877
sample_012,21,Running,10.85738,-15.276516,-4.495722,-2.269193,5.558458,-11.468482
sample_012,22,Running,-5.539072,-22.510809,-3.826696,1.406261,-0.556645,-4.282703
sample_012,23,Running,-19.510307,-15.694491,-1.867233,-1.022735,-0.585942,0.775041
sample_012,24,Running,-4.913211,-15.034637,-4.98552,2.090747,-2.210599,5.041764
sample_012,25,Running,13.328848,-12.100168,-8.999714,1.880341,-1.518122,9.446982
sample_012,26,Running,21.438515,-0.738474,-3.23683,2.00552,-1.360983,9.156674
sample_012,27,Running,14.135201,16.274986,-0.955159,-1.198518,-1.656618,2.652719
sample_012,28,Running,20.28194,11.06425,-2.136101,-3.675454,2.175975,-6.091133
sample_012,29,Running,13.159569,-12.204945,-0.86903,0.223723,4.602308,-9.119388
sample_012,30,Running,3.868423,-20.333908,-3.657569,1.448875,0.724437,-5.992588
sample_012,31,Running,-12.586323,-18.84192,-2.558991,-1.707222,-0.181109,-0.367545
sample_012,32,Running,-12.586323,-18.84192,-2.558991,-1.707222,-0.181109,-0.367545
sample_012,33,Running,-10.908914,-11.85592,-3.004973,0.308951,-1.728529,3.907167
sample_012,34,Running,19.197193,-9.811005,-4.245163,2.373065,-2.058787,11.026362
sample_012,35,Running,11.221997,12.738684,-2.623241,-1.267765,-1.15324,1.707222
sample_012,36,Running,11.221997,12.738684,-2.623241,-1.267765,-1.15324,1.707222
sample_012,37,Running,17.799633,-0.551281,0.629945,-4.482456,6.57853,-6.240282
sample_012,38,Running,17.799633,-0.551281,0.629945,-4.482456,6.57853,-6.240282
sample_012,39,Running,-9.952966,-19.459782,-3.28334,-1.544756,0.218397,-1.299726
sample_012,40,Running,-9.952966,-19.459782,-3.28334,-1.544756,0.218397,-1.299726
sample_012,41,Running,-17.579504,-9.353596,-2.568973,-0.753734,-1.195854,2.514224
sample_012,42,Running,-1.107959,-12.51675,-3.468483,2.04547,-2.319798,5.100359
sample_012,43,Running,16.124891,-10.506364,-7.360958,3.462384,-2.612768,8.922298
sample_012,44,Running,16.100002,8.464942,-1.619433,-0.135832,-2.690006,6.908788
sample_012,45,Running,16.910976,22.076565,2.968808,-0.178446,0.791022,-2.663373
sample_012,46,Running,16.355623,3.647514,-0.712365,-1.281082,4.865982,-6.722353
sample_012,47,Running,10.845742,-15.211833,-4.637173,-0.181109,4.08295,-9.49226
sample_012,48,Running,-3.509642,-20.44046,0.404222,0.9162,-0.934844,-2.948354
sample_012,49,Running,-16.9879,-12.737613,-0.276233,-1.275755,-0.498051,1.952252
sample_012,50,Running,-6.66346,-11.176514,-2.458954,2.04547,-1.691242,4.027019
sample_012,51,Running,13.667419,-11.803898,-6.784674,1.80044,-0.676497,7.835642
sample_012,52,Running,18.569824,9.81746,-4.826201,2.173312,-1.680588,7.518701
sample_012,53,Running,11.039117,20.114742,-0.838958,-1.206508,-0.143822,1.448875
sample_012,54,Running,15.532736,9.769712,-1.57814,-1.973559,3.835257,-5.667657
sample_012,55,Running,11.405392,-14.392696,-8.098125,-4.053653,4.639595,-9.731963
sample_012,56,Running,-0.1914,-19.968815,-1.015572,2.935037,-0.284981,-5.052418
sample_012,57,Running,-16.92796,-14.302365,-1.272183,-0.42614,-0.250357,0.639209
sample_012,58,Running,-7.362597,-9.976284,-2.291737,2.207936,-2.056124,4.176168
sample_012,59,Running,14.848639,-11.153595,-9.963374,2.602115,-1.171884,7.108542
sample_012,60,Running,20.91041,3.873378,-4.067205,1.621994,-3.052225,8.634654
sample_012,61,Running,15.508658,19.341654,-1.157428,0.276991,-1.329023,0.021307
sample_012,62,Running,19.608606,9.587258,-1.644553,-4.551704,2.45563,-4.575674
sample_012,63,Running,19.608606,9.587258,-1.644553,-4.551704,2.45563,-4.575674
sample_012,64,Running,-0.610058,-18.26515,-3.642176,0.202416,0.098545,-4.980507
sample_012,65,Running,-0.610058,-18.26515,-3.642176,0.202416,0.098545,-4.980507
sample_012,66,Running,-16.245672,-10.455218,1.219185,-1.691242,0.143822,-0.125179
sample_012,67,Running,-10.884228,-8.042425,0.455417,2.548847,-1.805767,2.183965
sample_012,68,Running,13.731035,-11.78916,-5.285245,4.104257,-0.737754,6.874165
sample_012,69,Running,20.067102,-5.050764,-7.298173,0.713784,-0.141159,8.815763
sample_012,70,Running,14.754703,20.219475,2.153569,-0.327595,-1.57139,0.926854
sample_012,71,Running,16.753386,13.569931,0.386,-1.222488,1.829737,-4.495773
sample_012,72,Running,13.283159,-12.4153,-5.789308,-1.289072,5.64635,-9.566834
sample_012,73,Running,4.693178,-17.628931,-3.430471,-1.648628,0.948161,-6.469332
sample_012,74,Running,-16.689188,-14.121303,1.997767,-1.922955,-0.085228,0.199753
sample_012,75,Running,-8.205094,-8.902118,-0.66289,0.6472,-1.352993,3.233334
sample_012,76,Running,12.591655,-12.928343,-5.945487,3.928474,-0.964141,5.816806
sample_012,77,Running,17.731619,2.279314,-3.62825,1.550083,-2.226579,7.819662
sample_012,78,Running,11.698533,17.926943,-0.529526,1.09731,-1.243795,2.759254
sample_012,79,Running,12.07599,18.0294,0.242,-1.179874,0.772378,-3.020264
sample_012,80,Running,14.179026,-11.598735,-3.391071,-1.512796,3.971088,-8.043385
sample_012,81,Running,0.179238,-16.001753,-0.285246,-0.844289,0.660516,-5.217547
sample_012,82,Running,-12.84577,-10.770477,3.047067,-1.004091,0.404833,-0.791022
sample_012,83,Running,-9.503984,-9.605143,-1.533508,2.74061,-1.701895,3.414444
sample_012,84,Running,14.935087,-10.965554,-6.295252,3.137453,-0.514031,6.725016
sample_012,85,Running,14.786606,-0.379475,-3.560566,2.0215,-1.408924,6.354807
sample_012,86,Running,10.592346,13.036169,-3.369248,-0.545991,-0.700467,1.957579
sample_012,87,Running,9.776613,13.13426,-0.724578,-1.390281,0.785695,-3.331879
sample_012,88,Running,14.623961,-7.048715,-1.146758,-2.317134,3.515652,-7.481413
sample_012,89,Running,8.361293,-15.67265,-2.512659,-0.455437,1.022735,-6.754313
sample_012,90,Running,8.361293,-15.67265,-2.512659,-0.455437,1.022735,-6.754313
sample_012,91,Running,-10.207176,-16.002247,-3.637648,-5.984598,0.828309,-0.90821
sample_012,92,Running,6.626144,-11.832928,-3.83667,4.698189,-2.940363,5.356042
sample_012,93,Running,6.626144,-11.832928,-3.83667,4.698189,-2.940363,5.356042
sample_012,94,Running,14.725088,-4.344564,-5.128956,2.26653,-1.403597,6.269579
sample_012,95,Running,9.113968,11.587113,-1.393714,-0.822982,-0.239704,-0.615239
sample_012,96,Running,9.113968,11.587113,-1.393714,-0.822982,-0.239704,-0.615239
sample_012,97,Running,9.639398,8.134124,-0.697245,-0.993438,1.259775,-4.266723
sample_012,98,Running,9.11081,-12.331043,-1.462568,-2.386382,3.654147,-7.609255
sample_012,99,Running,-3.754989,-16.276659,-0.51531,-0.87625,-0.402169,-5.103022
sample_013,0,Standing,0.079106,0.394032,0.551444,0.351565,0.02397,0.633883
sample_013,1,Standing,0.079106,0.394032,0.551444,0.351565,0.02397,0.633883
sample_013,2,Standing,-0.903497,-3.666397,-0.282844,-0.095881,-0.319605,0.972131
sample_013,3,Standing,1.116125,-0.656101,0.333118,1.624657,-0.569962,1.209171
sample_013,4,Standing,1.6382,1.405135,0.393875,1.187864,-0.271664,1.739182
sample_013,5,Standing,1.003448,2.220504,0.030765,1.004091,-0.047941,1.499479
sample_013,6,Standing,0.028774,3.248704,-0.313529,0.340912,0.162466,0.428803
sample_013,7,Standing,0.03005,3.020615,-1.581368,-0.311615,-0.013317,-0.282318
sample_013,8,Standing,-0.120485,1.957117,-1.046431,-0.348902,-0.143822,-0.926854
sample_013,9,Standing,-0.120485,1.957117,-1.046431,-0.348902,-0.143822,-0.926854
sample_013,10,Standing,0.667496,-1.956176,0.527999,-0.226387,-0.311615,-1.267765
sample_013,11,Standing,-0.312815,-3.138694,1.025005,-0.101208,-0.055931,-0.66318
sample_013,12,Standing,-0.032064,-2.905234,0.69038,-0.00799,0.191763,0.143822
sample_013,13,Standing,0.462654,-1.249818,0.010441,0.039951,0.21307,1.025398
sample_013,14,Standing,0.462654,-1.249818,0.010441,0.039951,0.21307,1.025398
sample_013,15,Standing,0.50726,0.902984,-0.318485,0.351565,0.19709,1.395607
sample_013,16,Standing,0.381774,2.535184,-0.339922,0.378199,0.117188,1.201181
sample_013,17,Standing,-0.173109,2.947793,-0.602718,0.079901,0.00799,0.354229
sample_013,18,Standing,0.075566,2.53536,-0.537257,0.02397,-0.162466,-0.218397
sample_013,19,Standing,0.182602,1.058201,0.032005,-0.194426,-0.242367,-0.865596
sample_013,20,Standing,0.241339,0.097825,0.385068,-0.189099,-0.25302,-1.049369
sample_013,21,Standing,0.128828,-1.498574,0.808822,-0.162466,-0.178446,-0.852279
sample_013,22,Standing,-0.005551,-1.912198,0.945214,-0.087891,0.002663,-0.364882
sample_013,23,Standing,-0.234381,-1.189464,0.31803,-0.25302,0.247694,0.380862
sample_013,24,Standing,-0.060061,0.048358,-0.163724,-0.135832,0.284981,0.692477
sample_013,25,Standing,0.134305,1.049725,-0.367703,-0.018644,0.151812,0.689814
sample_013,26,Standing,-0.119217,1.632314,-0.504733,0.063921,0.042614,0.447447
sample_013,27,Standing,-0.118415,1.497473,-0.293617,0.26101,-0.151812,0.045277
sample_013,28,Standing,-0.034857,0.772937,0.008929,0.159802,-0.202416,-0.292971
sample_013,29,Standing,-0.152736,0.208221,0.438756,-0.021307,-0.125179,-0.274327
sample_013,30,Standing,-0.30275,-0.124439,0.435576,-0.21307,-0.066584,-0.199753
sample_013,31,Standing,-0.258284,-0.324037,0.374493,-0.082565,0.079901,-0.210406
sample_013,32,Standing,-0.153046,-0.440494,0.057105,-0.047941,0.127842,0.005327
sample_013,33,Standing,-0.183976,-0.09376,-0.070314,-0.021307,0.069248,0.178446
sample_013,34,Standing,-0.160971,0.272178,-0.206731,-0.029297,0.037287,0.223723
sample_013,35,Standing,-0.241554,0.410578,-0.062707,0.026634,-0.047941,0.122515
sample_013,36,Standing,-0.12605,0.63099,0.034384,0.189099,-0.050604,0.029297
sample_013,37,Standing,-0.047558,0.304098,-0.019835,0.119852,-0.034624,-0.055931
sample_013,38,Standing,-0.180656,0.452631,0.147044,0.095881,-0.03196,-0.079901
sample_013,39,Standing,-0.223321,0.055369,0.154054,0.077238,-0.010653,-0.165129
sample_013,40,Standing,-0.269544,-0.195426,0.223995,0.109198,0.00799,-0.175783
sample_013,41,Standing,-0.132218,-0.108085,0.034453,0.053267,0.069248,0.029297
sample_013,42,Standing,-0.247598,0.05122,-0.140365,-0.002663,0.029297,0.165129
sample_013,43,Standing,-0.167151,0.495086,-0.104581,0.101208,0.0,0.157139
sample_013,44,Standing,-0.226787,0.582479,-0.110829,0.021307,-0.034624,0.117188
sample_013,45,Standing,-0.226787,0.582479,-0.110829,0.021307,-0.034624,0.117188
sample_013,46,Standing,-0.221194,0.535399,0.111417,0.063921,-0.063921,-0.050604
sample_013,47,Standing,-0.124525,0.254673,0.092016,0.063921,-0.01598,-0.125179
sample_013,48,Standing,-0.215384,0.045147,0.075045,0.359555,-0.005327,-0.194426
sample_013,49,Standing,-0.292342,0.126648,0.098005,0.386189,-0.010653,-0.189099
sample_013,50,Standing,-0.2096,-0.011763,0.179158,0.19709,-0.010653,-0.114525
sample_013,51,Standing,-0.350283,-0.067802,0.119141,-0.540665,-0.026634,0.109198
sample_013,52,Standing,-0.212305,0.062543,-0.100571,-0.239704,0.047941,0.130505
sample_013,53,Standing,-0.101916,0.041191,-0.217936,-0.306288,-0.010653,0.125179
sample_013,54,Standing,-0.125474,0.292536,-0.164587,-0.085228,-0.050604,0.087891
sample_013,55,Standing,-0.171308,0.566593,0.012233,-0.093218,-0.085228,-0.005327
sample_013,56,Standing,-0.392737,0.40288,0.244841,0.00799,-0.103872,-0.223723
sample_013,57,Standing,-0.333702,-0.095309,0.348375,0.063921,0.0,-0.367545
sample_013,58,Standing,-0.049047,-0.671382,0.154106,-0.034624,0.063921,-0.178446
sample_013,59,Standing,-0.161384,-0.299112,-0.035424,-0.146486,0.066584,0.170456
sample_013,60,Standing,-0.332913,0.264913,-0.254828,-0.141159,0.077238,0.338248
sample_013,61,Standing,-0.323573,0.979325,-0.235535,-0.117188,-0.005327,0.223723
sample_013,62,Standing,-0.260746,0.585794,-0.0036,-0.125179,-0.047941,-0.191763
sample_013,63,Standing,-0.386039,-0.286732,0.154836,0.183773,-0.090555,-0.423476
sample_013,64,Standing,0.073956,-0.684911,0.425322,0.311615,-0.00799,-0.330258
sample_013,65,Standing,0.013228,-0.702381,0.069628,0.079901,0.029297,0.186436
sample_013,66,Standing,-0.134901,0.063297,0.00436,0.154476,0.103872,0.303624
sample_013,67,Standing,-0.114447,0.685951,-0.241098,0.0,0.114525,0.346238
sample_013,68,Standing,-0.151736,1.384099,-0.409935,-0.396843,0.117188,0.375536
sample_013,69,Standing,-0.265312,1.393837,-0.37759,-0.439456,0.002663,-0.002663
sample_013,70,Standing,-0.265312,1.393837,-0.37759,-0.439456,0.002663,-0.002663
sample_013,71,Standing,-0.192506,-0.526192,0.259687,-0.034624,-0.133169,-0.740418
sample_013,72,Standing,0.006082,-1.453164,0.733738,0.308951,-0.087891,-0.657853
sample_013,73,Standing,0.006082,-1.453164,0.733738,0.308951,-0.087891,-0.657853
sample_013,74,Standing,-0.056635,-1.491239,0.261785,-0.22106,0.170456,0.117188
sample_013,75,Standing,-0.209398,-0.588188,-0.187312,-0.149149,0.178446,0.487397
sample_013,76,Standing,-0.160216,0.54238,-0.454873,-0.165129,0.095881,0.540665
sample_013,77,Standing,-0.135851,0.976972,-0.386007,0.178446,-0.042614,0.242367
sample_013,78,Standing,-0.27988,1.021334,-0.116938,0.189099,-0.071911,-0.058594
sample_013,79,Standing,-0.181434,0.546116,0.025466,0.191763,-0.079901,-0.247694
sample_013,80,Standing,-0.129874,-0.004861,0.207466,0.194426,-0.050604,-0.298298
sample_013,81,Standing,-0.041725,-0.485268,0.14792,-0.039951,0.0,-0.191763
sample_013,82,Standing,-0.176548,-0.269133,0.041364,-0.026634,0.047941,0.058594
sample_013,83,Standing,-0.257786,-0.162642,-0.136943,0.045277,0.034624,0.159802
sample_013,84,Standing,-0.257786,-0.162642,-0.136943,0.045277,0.034624,0.159802
sample_013,85,Standing,-0.239707,0.426015,-0.126909,0.013317,-0.021307,0.143822
sample_013,86,Standing,-0.216372,0.545045,-0.019764,0.005327,-0.03196,0.03196
sample_013,87,Standing,-0.08794,0.305803,0.04661,0.061258,-0.00799,-0.114525
sample_013,88,Standing,-0.227259,0.072097,0.118345,-0.042614,-0.002663,-0.130505
sample_013,89,Standing,-0.143374,-0.071186,0.043983,-0.077238,0.047941,-0.109198
sample_013,90,Standing,-0.308963,-0.124647,-0.132656,-0.018644,0.034624,-0.039951
sample_013,91,Standing,-0.269968,-0.065241,-0.07248,0.013317,-0.002663,-0.002663
sample_013,92,Standing,-0.191018,-0.032477,-0.039316,0.010653,-0.026634,0.047941
sample_013,93,Standing,-0.24424,0.152639,0.049186,0.037287,-0.039951,0.071911
sample_013,94,Standing,-0.2092,0.3387,0.082105,0.0,-0.013317,0.063921
sample_013,95,Standing,-0.167918,0.224085,0.039889,0.039951,-0.010653,-0.021307
sample_013,96,Standing,-0.22767,0.118392,-0.088594,-0.029297,0.005327,-0.042614
sample_013,97,Standing,-0.193271,0.055227,-0.04153,0.0,-0.013317,-0.063921
sample_013,98,Standing,-0.193271,0.055227,-0.04153,0.0,-0.013317,-0.063921
sample_013,99,Standing,-0.20515,-0.00339,-0.015113,-0.00799,-0.010653,-0.03196
sample_014,0,Standing,0.377751,-0.61085,-0.147376,-0.103872,-0.109198,-0.037287
sample_014,1,Standing,0.377751,-0.61085,-0.147376,-0.103872,-0.109198,-0.037287
sample_014,2,Standing,2.952965,0.970717,-5.962515,-7.593275,-0.697804,-2.865789
sample_014,3,Standing,4.310925,-1.625661,-1.898794,-5.345389,0.402169,-4.176168
sample_014,4,Standing,3.256906,-6.969257,-2.730436,-2.743274,0.615239,-3.417107
sample_014,5,Standing,0.850679,-3.750327,0.506514,0.990775,0.22106,-1.265102
sample_014,6,Standing,-0.909276,-3.762961,0.030191,-0.692477,-0.135832,-0.173119
sample_014,7,Standing,-0.909276,-3.762961,0.030191,-0.692477,-0.135832,-0.173119
sample_014,8,Standing,0.205036,-0.580699,0.57639,0.0,0.079901,0.807002
sample_014,9,Standing,-0.480176,0.782229,0.389283,-0.074574,-0.095881,1.1053
sample_014,10,Standing,-0.335057,1.046099,0.262248,0.039951,-0.165129,0.844289
sample_014,11,Standing,-0.126666,1.843534,0.414982,-0.037287,0.002663,0.306288
sample_014,12,Standing,-0.25153,1.473271,0.300707,-0.133169,0.005327,-0.114525
sample_014,13,Standing,-0.26917,0.793225,0.310287,0.018644,0.074574,-0.460763
sample_014,14,Standing,-0.26917,0.793225,0.310287,0.018644,0.074574,-0.460763
sample_014,15,Standing,-0.300983,-0.837754,0.233792,-0.167792,0.077238,-0.383526
sample_014,16,Standing,-0.300983,-0.837754,0.233792,-0.167792,0.077238,-0.383526
sample_014,17,Standing,-0.371338,-1.020851,0.22401,-0.114525,0.02397,-0.111862
sample_014,18,Standing,-0.193407,-0.640181,0.132538,-0.093218,0.058594,0.146486
sample_014,19,Standing,-0.597333,0.32014,0.173558,-0.753734,0.042614,0.396843
sample_014,20,Standing,0.11343,-0.398871,0.159204,0.287644,-0.093218,0.191763
sample_014,21,Standing,-0.162806,0.392694,0.2012,0.364882,-0.125179,0.210406
sample_014,22,Standing,0.008696,1.05405,0.087576,0.218397,-0.018644,0.154476
sample_014,23,Standing,-0.374925,0.87377,0.065597,-0.103872,-0.133169,0.002663
sample_014,24,Standing,-0.30439,0.591851,0.25585,0.103872,-0.037287,-0.215733
sample_014,25,Standing,-0.026558,0.067974,0.227074,-0.069248,-0.026634,-0.22106
sample_014,26,Standing,-0.35821,-0.282601,0.128366,-0.103872,0.01598,-0.146486
sample_014,27,Standing,-0.515776,-0.292477,0.34654,-0.01598,0.045277,-0.071911
sample_014,28,Standing,-0.046148,-0.299014,0.221333,0.026634,0.029297,0.082565
sample_014,29,Standing,-0.144326,0.053905,-0.002348,0.047941,0.047941,0.207743
sample_014,30,Standing,-0.284587,0.347178,-0.039309,0.077238,0.034624,0.226387
sample_014,31,Standing,-0.317509,0.305793,-0.001896,0.19709,0.058594,0.106535
sample_014,32,Standing,0.106786,0.522609,0.051506,0.133169,-0.005327,0.133169
sample_014,33,Standing,-0.296796,0.697637,-0.095245,-0.029297,-0.026634,0.071911
sample_014,34,Standing,-0.295219,0.656868,0.159304,0.005327,-0.03196,-0.087891
sample_014,35,Standing,-0.295219,0.656868,0.159304,0.005327,-0.03196,-0.087891
sample_014,36,Standing,-0.314541,-0.079679,0.214541,-0.026634,-0.026634,-0.210406
sample_014,37,Standing,-0.45851,-0.353155,0.165208,0.002663,0.034624,-0.167792
sample_014,38,Standing,-0.45851,-0.353155,0.165208,0.002663,0.034624,-0.167792
sample_014,39,Standing,-0.193004,-0.290084,-0.06777,0.00799,0.018644,0.151812
sample_014,40,Standing,-0.193004,-0.290084,-0.06777,0.00799,0.018644,0.151812
sample_014,41,Standing,-0.170549,0.401593,-0.066491,0.095881,-0.029297,0.234377
sample_014,42,Standing,-0.170549,0.401593,-0.066491,0.095881,-0.029297,0.234377
sample_014,43,Standing,-0.386525,0.770462,-0.071366,0.00799,-0.029297,0.119852
sample_014,44,Standing,-0.367479,0.742822,0.012548,0.039951,-0.037287,-0.02397
sample_014,45,Standing,-0.159422,0.462118,-0.004922,-0.055931,-0.026634,-0.157139
sample_014,46,Standing,-0.29598,0.185282,0.013739,-0.085228,-0.061258,-0.189099
sample_014,47,Standing,-0.363492,-0.136056,0.138816,-0.071911,0.0,-0.231713
sample_014,48,Standing,-0.396972,-0.415889,0.136874,-0.055931,0.034624,-0.170456
sample_014,49,Standing,-0.358613,-0.49872,0.077163,-0.01598,0.029297,-0.03196
sample_014,50,Standing,-0.442344,-0.27276,-0.033462,-0.010653,0.034624,0.125179
sample_014,51,Standing,-0.075491,0.074072,-0.112763,0.085228,0.00799,0.223723
sample_014,52,Standing,-0.281528,0.459907,-0.016241,0.045277,-0.042614,0.276991
sample_014,53,Standing,-0.127631,0.871236,0.059546,0.058594,-0.034624,0.173119
sample_014,54,Standing,-0.110878,0.718749,-0.079959,0.02397,-0.018644,-0.00799
sample_014,55,Standing,-0.13422,0.497472,0.029375,0.037287,-0.053267,-0.157139
sample_014,56,Standing,-0.103901,0.245897,0.034459,-0.037287,-0.03196,-0.19709
sample_014,57,Standing,-0.418226,-0.111263,0.116902,-0.03196,0.005327,-0.21307
sample_014,58,Standing,-0.425436,-0.359839,0.16173,-0.013317,0.037287,-0.170456
sample_014,59,Standing,-0.370799,-0.537982,0.066766,0.026634,0.03196,-0.055931
sample_014,60,Standing,-0.203984,-0.330117,-0.069821,0.063921,0.042614,0.082565
sample_014,61,Standing,-0.307469,0.071059,-0.042382,0.109198,-0.00799,0.242367
sample_014,62,Standing,-0.283588,0.429994,-0.079564,0.010653,0.010653,0.25302
sample_014,63,Standing,-0.06342,0.820934,-0.081878,0.063921,-0.02397,0.173119
sample_014,64,Standing,-0.265932,0.786964,-0.146703,-0.01598,-0.018644,-0.029297
sample_014,65,Standing,-0.212629,0.687065,-0.107044,-0.093218,0.0,-0.111862
sample_014,66,Standing,-0.312527,0.222263,-0.007593,-0.101208,-0.026634,-0.239704
sample_014,67,Standing,-0.312527,0.222263,-0.007593,-0.101208,-0.026634,-0.239704
sample_014,68,Standing,-0.35707,-0.682261,0.188157,-0.010653,0.053267,-0.165129
sample_014,69,Standing,-0.35707,-0.682261,0.188157,-0.010653,0.053267,-0.165129
sample_014,70,Standing,-0.234194,-0.365944,0.040176,0.069248,0.053267,0.202416
sample_014,71,Standing,-0.234194,-0.365944,0.040176,0.069248,0.053267,0.202416
sample_014,72,Standing,-0.148623,0.324679,-0.19009,0.047941,0.02397,0.319605
sample_014,73,Standing,-0.254128,0.662562,-0.239582,0.098545,-0.021307,0.271664
sample_014,74,Standing,-0.342918,0.710279,0.032026,0.037287,-0.045277,-0.106535
sample_014,75,Standing,-0.342918,0.710279,0.032026,0.037287,-0.045277,-0.106535
sample_014,76,Standing,-0.307717,0.263486,0.058212,-0.047941,-0.03196,-0.22905
sample_014,77,Standing,-0.288853,-0.004845,0.102983,-0.029297,-0.02397,-0.258347
sample_014,78,Standing,-0.206991,-0.461535,0.152822,-0.021307,0.010653,-0.210406
sample_014,79,Standing,-0.317809,-0.444313,0.11508,-0.034624,0.047941,0.0
sample_014,80,Standing,-0.380047,-0.351846,-0.029222,0.0,0.053267,0.103872
sample_014,81,Standing,-0.315195,-0.147521,-0.073237,0.063921,0.055931,0.162466
sample_014,82,Standing,-0.356792,0.220674,-0.084682,0.077238,0.0,0.210406
sample_014,83,Standing,-0.319121,0.567315,-0.065975,0.039951,0.002663,0.186436
sample_014,84,Standing,-0.26593,0.676642,-0.031103,0.034624,-0.039951,0.03196
sample_014,85,Standing,-0.136431,0.478225,0.024887,0.042614,-0.039951,-0.103872
sample_014,86,Standing,-0.186955,0.167015,0.006447,-0.018644,-0.01598,-0.149149
sample_014,87,Standing,-0.264595,-0.079429,0.027814,-0.03196,0.00799,-0.165129
sample_014,88,Standing,-0.253146,-0.293329,0.017837,-0.053267,0.002663,-0.114525
sample_014,89,Standing,-0.279518,-0.303092,0.000751,0.002663,0.013317,-0.013317
sample_014,90,Standing,-0.209648,-0.257912,-0.019029,0.013317,0.005327,0.058594
sample_014,91,Standing,-0.226917,0.095899,-0.032673,0.021307,0.0,0.143822
sample_014,92,Standing,-0.351601,0.410316,-0.023984,0.037287,-0.005327,0.122515
sample_014,93,Standing,-0.318476,0.478979,-0.045427,-0.018644,0.0,0.039951
sample_014,94,Standing,-0.287704,0.344518,0.055352,-0.01598,-0.00799,-0.039951
sample_014,95,Standing,-0.287704,0.344518,0.055352,-0.01598,-0.00799,-0.039951
sample_014,96,Standing,-0.323383,-0.098593,0.063051,-0.018644,-0.010653,-0.135832
sample_014,97,Standing,-0.323383,-0.098593,0.063051,-0.018644,-0.010653,-0.135832
sample_014,98,Standing,-0.333625,-0.215987,-0.000848,-0.00799,0.01598,0.034624
sample_014,99,Standing,-0.333625,-0.215987,-0.000848,-0.00799,0.01598,0.034624
sample_015,0,Standing,-0.813905,0.825666,0.032712,0.021307,0.122515,0.775041
sample_015,1,Standing,-0.813905,0.825666,0.032712,0.021307,0.122515,0.775041
sample_015,2,Standing,-0.424628,-1.305033,0.82617,-0.372872,-0.045277,0.383526
sample_015,3,Standing,0.316895,-0.507693,0.218569,0.02397,-0.130505,0.588605
sample_015,4,Standing,0.22858,0.028821,0.586313,0.066584,-0.263674,0.817655
sample_015,5,Standing,-0.162312,0.871541,1.138116,0.210406,-0.324931,0.804339
sample_015,6,Standing,-0.162312,0.871541,1.138116,0.210406,-0.324931,0.804339
sample_015,7,Standing,0.002101,1.17392,0.85582,0.178446,-0.127842,-0.125179
sample_015,8,Standing,0.115463,0.792781,0.728667,-0.042614,0.039951,-0.362219
sample_015,9,Standing,-0.213192,0.109771,0.429804,-0.053267,0.167792,-0.492724
sample_015,10,Standing,-0.170978,-0.536271,0.362009,-0.063921,0.101208,-0.543328
sample_015,11,Standing,-0.19408,-0.991322,0.196918,-0.087891,0.109198,-0.375536
sample_015,12,Standing,-0.735282,-1.194219,0.342182,0.143822,-0.018644,-0.194426
sample_015,13,Standing,-0.735282,-1.194219,0.342182,0.143822,-0.018644,-0.194426
sample_015,14,Standing,0.158854,-1.309782,0.47486,0.356892,-0.01598,-0.058594
sample_015,15,Standing,0.535213,-0.778274,0.202399,0.061258,-0.090555,0.444783
sample_015,16,Standing,-0.002833,0.622438,0.298646,0.367545,-0.308951,0.852279
sample_015,17,Standing,0.356598,1.528401,0.390574,0.410159,-0.143822,0.540665
sample_015,18,Standing,0.267763,1.68107,0.248396,-0.018644,-0.079901,0.375536
sample_015,19,Standing,-0.046865,1.590526,0.401889,0.22106,-0.071911,-0.114525
sample_015,20,Standing,0.213943,1.094367,0.472026,0.013317,0.03196,-0.487397
sample_015,21,Standing,0.07373,0.362506,0.314907,-0.67117,0.093218,-0.367545
sample_015,22,Standing,-0.272301,-0.381255,0.539841,-0.061258,0.03196,-0.68715
sample_015,23,Standing,0.182515,-0.897944,0.133732,-0.362219,0.157139,-0.617902
sample_015,24,Standing,-1.154123,-1.901395,0.061834,-0.263674,-0.010653,-0.242367
sample_015,25,Standing,0.027075,-1.701837,0.289135,0.330258,-0.002663,0.026634
sample_015,26,Standing,-0.165281,-0.880269,0.002912,-0.103872,-0.00799,0.697804
sample_015,27,Standing,0.467589,0.753131,0.262846,0.202416,-0.282318,0.92419
sample_015,28,Standing,0.340399,1.418083,0.468662,0.029297,-0.284981,0.692477
sample_015,29,Standing,0.344565,1.545642,0.655104,-0.002663,-0.226387,0.335585
sample_015,30,Standing,-0.042749,1.570619,0.780502,-0.053267,-0.013317,-0.194426
sample_015,31,Standing,0.037069,0.907102,0.775618,-0.021307,0.127842,-0.625893
sample_015,32,Standing,0.294207,-0.348287,0.353227,-0.186436,0.295634,-0.852279
sample_015,33,Standing,0.083426,-1.066452,-0.12914,-0.19709,0.276991,-0.668507
sample_015,34,Standing,-0.037534,-0.760048,-0.160335,-0.159802,0.191763,-0.276991
sample_015,35,Standing,-0.406937,-0.623943,-0.040013,-0.125179,0.03196,-0.162466
sample_015,36,Standing,-0.413721,-0.767604,0.143868,0.287644,-0.058594,-0.082565
sample_015,37,Standing,-0.413721,-0.767604,0.143868,0.287644,-0.058594,-0.082565
sample_015,38,Standing,0.363718,-0.283528,-0.015822,0.189099,-0.258347,0.684487
sample_015,39,Standing,-0.265478,0.956958,0.38275,0.186436,-0.282318,0.673833
sample_015,40,Standing,-0.156517,1.369015,0.57906,0.170456,-0.186436,0.383526
sample_015,41,Standing,0.000758,1.33681,0.645173,0.098545,-0.095881,0.101208
sample_015,42,Standing,0.000758,1.33681,0.645173,0.098545,-0.095881,0.101208
sample_015,43,Standing,-0.178432,0.350001,0.375185,0.026634,0.191763,-0.455437
sample_015,44,Standing,-0.178432,0.350001,0.375185,0.026634,0.191763,-0.455437
sample_015,45,Standing,-0.171692,-0.115913,0.020747,-0.037287,0.223723,-0.522021
sample_015,46,Standing,-0.200395,-0.439364,-0.095996,0.093218,0.191763,-0.516694
sample_015,47,Standing,-0.214544,-1.095621,-0.044201,0.119852,-0.042614,0.170456
sample_015,48,Standing,-0.214544,-1.095621,-0.044201,0.119852,-0.042614,0.170456
sample_015,49,Standing,-0.153174,-0.944781,-0.085359,0.173119,-0.141159,0.391516
sample_015,50,Standing,0.063053,0.816631,0.115953,0.263674,-0.247694,0.825646
sample_015,51,Standing,0.063053,0.816631,0.115953,0.263674,-0.247694,0.825646
sample_015,52,Standing,0.179371,1.519381,0.399812,0.282318,-0.154476,0.511368
sample_015,53,Standing,0.051857,1.889705,0.442761,-0.010653,0.034624,0.138495
sample_015,54,Standing,0.053935,1.550083,0.286063,-0.22905,0.181109,-0.276991
sample_015,55,Standing,0.497457,0.440191,-0.084761,-0.412823,0.306288,-0.759061
sample_015,56,Standing,0.312984,-0.05457,-0.35609,-0.684487,0.290308,-0.668507
sample_015,57,Standing,-0.45548,-0.810432,-0.404778,-0.359555,0.183773,-0.66318
sample_015,58,Standing,-0.423346,-1.494622,-0.211229,-0.199753,0.085228,-0.532675
sample_015,59,Standing,-0.586515,-1.732656,-0.072551,-0.300961,0.061258,-0.077238
sample_015,60,Standing,-0.096851,-1.590913,0.142581,-0.053267,-0.063921,0.351565
sample_015,61,Standing,0.27982,-0.410262,0.216922,0.061258,-0.130505,0.822982
sample_015,62,Standing,0.105545,0.311241,0.141725,0.23704,-0.125179,0.812329
sample_015,63,Standing,0.213485,1.229623,0.065881,0.370209,-0.061258,0.769715
sample_015,64,Standing,-0.033018,1.812892,0.223909,-0.029297,-0.098545,0.44212
sample_015,65,Standing,0.113327,1.89287,0.399319,-0.005327,-0.021307,-0.053267
sample_015,66,Standing,0.04042,1.359296,0.463252,-0.372872,0.117188,-0.439456
sample_015,67,Standing,0.18582,0.316042,0.210903,-0.556645,0.300961,-0.820319
sample_015,68,Standing,0.18582,0.316042,0.210903,-0.556645,0.300961,-0.820319
sample_015,69,Standing,-0.37143,-1.125063,-0.328371,-0.716447,0.292971,-0.47408
sample_015,70,Standing,-0.529037,-1.187219,-0.232735,-0.43413,0.098545,-0.247694
sample_015,71,Standing,-0.383046,-0.928388,-0.083966,-0.058594,-0.01598,-0.114525
sample_015,72,Standing,-0.569038,-1.378049,-0.038047,0.125179,-0.151812,0.146486
sample_015,73,Standing,0.343049,-0.994418,0.125557,0.4581,-0.263674,0.380862
sample_015,74,Standing,0.016317,-0.372034,0.007185,0.255684,-0.300961,0.732428
sample_015,75,Standing,0.372194,0.585386,0.201871,0.583279,-0.455437,0.809665
sample_015,76,Standing,0.133915,1.68273,0.334237,0.324931,-0.324931,0.609912
sample_015,77,Standing,0.133915,1.68273,0.334237,0.324931,-0.324931,0.609912
sample_015,78,Standing,-0.166765,1.918208,0.337199,0.319605,-0.175783,0.111862
sample_015,79,Standing,0.111745,1.6313,0.22593,0.178446,0.037287,-0.394179
sample_015,80,Standing,0.067615,-0.003749,-0.365474,-0.125179,0.138495,-0.599259
sample_015,81,Standing,-0.152504,-0.768095,-0.255288,-0.181109,0.103872,-0.535338
sample_015,82,Standing,-0.210563,-1.14507,-0.216352,-0.22106,0.079901,-0.324931
sample_015,83,Standing,-0.210563,-1.14507,-0.216352,-0.22106,0.079901,-0.324931
sample_015,84,Standing,-0.275255,-0.956179,-0.25584,-0.23704,0.069248,0.002663
sample_015,85,Standing,-0.276954,-0.38552,-0.302095,-0.03196,-0.01598,0.23704
sample_015,86,Standing,0.122732,-0.066497,-0.117322,0.093218,-0.095881,0.338248
sample_015,87,Standing,0.312008,0.157695,0.010409,0.055931,-0.167792,0.431466
sample_015,88,Standing,-0.235399,0.571855,0.088549,0.03196,-0.119852,0.423476
sample_015,89,Standing,-0.237537,0.874995,0.193648,0.013317,-0.109198,0.263674
sample_015,90,Standing,-0.083255,0.793238,0.323619,0.021307,-0.066584,0.013317
sample_015,91,Standing,0.034185,0.443565,0.30978,0.037287,0.034624,-0.215733
sample_015,92,Standing,-0.171997,-0.039259,0.270622,-0.018644,0.098545,-0.258347
sample_015,93,Standing,-0.085908,-0.152492,0.004468,-0.125179,0.125179,-0.106535
sample_015,94,Standing,-0.100976,0.271105,0.001095,-0.255684,0.114525,-0.00799
sample_015,95,Standing,-0.255364,0.314641,-0.091294,-0.292971,0.077238,-0.077238
sample_015,96,Standing,-0.066292,0.610305,0.286864,0.095881,-0.034624,-0.167792
sample_015,97,Standing,-0.20644,0.209063,0.679102,0.279654,-0.03196,-0.372872
sample_015,98,Standing,-0.544255,-0.558847,0.379032,0.159802,0.114525,-0.423476
sample_015,99,Standing,-0.544255,-0.558847,0.379032,0.159802,0.114525,-0.423476
sample_016,0,Standing,0.289855,0.28413,0.21368,-0.314278,0.074574,-0.079901
sample_016,1,Standing,0.289855,0.28413,0.21368,-0.314278,0.074574,-0.079901
sample_016,2,Standing,-0.669185,-0.210466,0.252267,0.018644,0.00799,0.23704
sample_016,3,Standing,0.032063,0.830952,0.509806,-0.01598,-0.093218,0.146486
sample_016,4,Standing,-0.214649,0.348907,-0.375393,0.050604,-0.01598,0.101208
sample_016,5,Standing,0.161245,0.064112,-0.176596,-0.269001,-0.173119,0.255684
sample_016,6,Standing,0.161245,0.064112,-0.176596,-0.269001,-0.173119,0.255684
sample_016,7,Standing,0.374508,0.485447,-1.147424,0.23704,-0.162466,0.300961
sample_016,8,Standing,0.009226,0.488393,-0.010379,-0.266337,-0.01598,0.399506
sample_016,9,Standing,-0.22163,1.120942,0.176065,0.146486,0.045277,0.223723
sample_016,10,Standing,-0.250171,0.506804,0.338949,0.186436,0.093218,-0.364882
sample_016,11,Standing,-0.250171,0.506804,0.338949,0.186436,0.093218,-0.364882
sample_016,12,Standing,-0.19129,-0.019752,0.04013,0.316941,0.130505,-0.431466
sample_016,13,Standing,-0.237181,-0.780932,-0.152658,0.071911,0.010653,-0.175783
sample_016,14,Standing,0.024602,-0.713737,-0.197697,0.087891,-0.058594,0.037287
sample_016,15,Standing,0.045449,-0.198807,-0.253712,0.0,-0.146486,0.287644
sample_016,16,Standing,-0.088422,0.566606,-0.007521,-0.026634,-0.218397,0.431466
sample_016,17,Standing,0.116836,0.870081,0.244886,-0.165129,-0.22106,0.322268
sample_016,18,Standing,-0.040981,0.913504,0.530765,0.02397,-0.133169,0.050604
sample_016,19,Standing,-0.005906,0.650184,0.51973,0.0,0.138495,-0.234377
sample_016,20,Standing,-0.118165,0.093895,0.123902,-0.087891,0.239704,-0.298298
sample_016,21,Standing,-0.320368,-0.124343,-0.147084,0.039951,0.22905,-0.284981
sample_016,22,Standing,-0.352141,-0.463931,-0.289576,0.039951,0.114525,-0.21307
sample_016,23,Standing,-0.082843,-0.753466,-0.263376,0.151812,0.037287,-0.074574
sample_016,24,Standing,-0.145244,-0.131505,-0.413416,0.071911,-0.077238,0.298298
sample_016,25,Standing,-0.065075,0.085606,-0.298742,0.231713,-0.191763,0.370209
sample_016,26,Standing,-0.206032,0.459393,0.002567,0.308951,-0.239704,0.335585
sample_016,27,Standing,0.157099,1.058185,0.265369,0.066584,-0.135832,0.298298
sample_016,28,Standing,-0.090782,1.169377,0.468202,0.111862,-0.071911,0.066584
sample_016,29,Standing,-0.089667,0.733057,0.343359,-0.01598,0.135832,-0.24503
sample_016,30,Standing,-0.021792,0.113634,-0.010914,0.002663,0.23704,-0.404833
sample_016,31,Standing,-0.251117,-0.267108,-0.174115,-0.034624,0.22106,-0.346238
sample_016,32,Standing,-0.406494,-0.575026,-0.298708,-0.01598,0.149149,-0.23704
sample_016,33,Standing,-0.406494,-0.575026,-0.298708,-0.01598,0.149149,-0.23704
sample_016,34,Standing,-0.388804,-0.242112,-0.185359,0.058594,-0.079901,0.271664
sample_016,35,Standing,-0.166848,-0.212928,-0.035746,0.210406,-0.138495,0.274327
sample_016,36,Standing,-0.166848,-0.212928,-0.035746,0.210406,-0.138495,0.274327
sample_016,37,Standing,0.248825,0.479358,0.168928,0.061258,-0.170456,0.540665
sample_016,38,Standing,0.248825,0.479358,0.168928,0.061258,-0.170456,0.540665
sample_016,39,Standing,0.065565,1.328425,0.249931,-0.029297,0.01598,0.021307
sample_016,40,Standing,0.065565,1.328425,0.249931,-0.029297,0.01598,0.021307
sample_016,41,Standing,-0.013468,0.069519,0.079057,0.146486,0.330258,-0.607249
sample_016,42,Standing,-0.013468,0.069519,0.079057,0.146486,0.330258,-0.607249
sample_016,43,Standing,0.138281,-0.766794,-0.398111,-0.087891,0.25302,-0.404833
sample_016,44,Standing,-0.414792,-0.846495,-0.512059,-0.101208,0.117188,-0.098545
sample_016,45,Standing,-0.080555,-0.516707,-0.436438,-0.109198,0.010653,0.189099
sample_016,46,Standing,-0.370391,0.074241,-0.335968,-0.295634,-0.127842,0.431466
sample_016,47,Standing,-0.365173,0.798365,0.186319,-0.095881,-0.191763,0.402169
sample_016,48,Standing,0.105718,0.853897,0.235359,-0.436793,0.018644,0.141159
sample_016,49,Standing,0.029574,0.66154,0.270419,-0.242367,0.111862,-0.122515
sample_016,50,Standing,-0.025344,0.227767,0.104221,-0.346238,0.207743,-0.354229
sample_016,51,Standing,-0.299603,-0.227197,-0.041983,-0.181109,0.186436,-0.41815
sample_016,52,Standing,-0.036233,-0.611191,-0.048507,-0.162466,0.181109,-0.308951
sample_016,53,Standing,-0.368474,-0.578813,-0.287998,-0.300961,0.146486,-0.095881
sample_016,54,Standing,-0.322346,0.089386,-0.233822,-0.348902,0.029297,0.130505
sample_016,55,Standing,-0.350983,-0.010225,-0.092731,-0.303624,-0.069248,0.085228
sample_016,56,Standing,-0.104403,0.024185,0.156385,-0.042614,-0.058594,0.01598
sample_016,57,Standing,-0.082462,-0.051135,0.287194,-0.266337,-0.045277,0.042614
sample_016,58,Standing,-0.262545,0.02135,0.372015,-0.135832,0.002663,-0.005327
sample_016,59,Standing,-0.252665,-0.143492,0.152705,-0.101208,0.050604,-0.037287
sample_016,60,Standing,-0.345314,-0.215622,0.025147,-0.018644,0.063921,-0.01598
sample_016,61,Standing,-0.025456,-0.156601,-0.104233,0.045277,0.00799,0.050604
sample_016,62,Standing,-0.174528,0.1849,-0.012159,0.149149,-0.034624,0.098545
sample_016,63,Standing,-0.389573,0.438598,-0.008141,0.037287,-0.050604,0.098545
sample_016,64,Standing,-0.389573,0.438598,-0.008141,0.037287,-0.050604,0.098545
sample_016,65,Standing,-0.134448,-0.058307,0.494659,0.330258,-0.117188,-0.034624
sample_016,66,Standing,-0.047521,-0.189604,0.462883,0.372872,-0.077238,-0.00799
sample_016,67,Standing,-0.300546,0.070733,-0.218487,0.346238,0.00799,0.103872
sample_016,68,Standing,-0.280183,0.130909,-0.312748,0.538001,-0.117188,0.061258
sample_016,69,Standing,-0.280183,0.130909,-0.312748,0.538001,-0.117188,0.061258
sample_016,70,Standing,-0.061222,0.196974,-0.432597,0.514031,-0.109198,0.074574
sample_016,71,Standing,-0.184826,0.087456,-0.61184,0.447447,-0.173119,0.135832
sample_016,72,Standing,-0.171456,-0.170061,-0.478035,0.788358,-0.332922,0.0
sample_016,73,Standing,0.074311,0.326066,-0.359545,0.423476,-0.20508,0.058594
sample_016,74,Standing,0.074311,0.326066,-0.359545,0.423476,-0.20508,0.058594
sample_016,75,Standing,0.169604,0.331915,-0.488606,0.370209,0.005327,-0.026634
sample_016,76,Standing,-0.034963,0.094384,-0.442219,0.066584,0.055931,0.039951
sample_016,77,Standing,-0.252296,0.157258,-0.098641,-0.021307,0.189099,0.0
sample_016,78,Standing,-0.012065,-0.045747,-0.442163,-0.266337,0.274327,0.0
sample_016,79,Standing,-0.123294,0.009381,-0.126579,-0.050604,0.061258,-0.085228
sample_016,80,Standing,-0.35616,0.071552,0.347673,0.167792,0.058594,-0.151812
sample_016,81,Standing,-0.364173,0.340393,0.4131,-0.090555,0.130505,-0.055931
sample_016,82,Standing,-0.201348,0.232369,0.063146,-0.23704,0.154476,-0.026634
sample_016,83,Standing,-0.658953,0.300783,0.571883,-0.095881,-0.053267,0.079901
sample_016,84,Standing,-0.189123,-0.271043,0.528272,0.063921,-0.125179,-0.021307
sample_016,85,Standing,0.088474,-0.434887,0.779502,0.274327,-0.173119,0.077238
sample_016,86,Standing,-0.230911,0.341837,0.155988,0.071911,0.055931,0.311615
sample_016,87,Standing,-0.529682,0.193989,-0.388201,0.045277,0.005327,0.295634
sample_016,88,Standing,-0.20872,0.300578,-0.499059,0.114525,-0.061258,0.162466
sample_016,89,Standing,0.23262,0.557418,-0.302037,0.053267,-0.082565,0.106535
sample_016,90,Standing,-0.247923,0.826474,0.041793,0.029297,-0.141159,0.063921
sample_016,91,Standing,-0.092958,0.071534,0.177967,0.130505,-0.063921,-0.335585
sample_016,92,Standing,-0.237319,-0.391931,0.193716,-0.055931,0.02397,-0.218397
sample_016,93,Standing,-0.464912,-0.667888,0.026667,-0.010653,0.069248,-0.143822
sample_016,94,Standing,-0.464912,-0.667888,0.026667,-0.010653,0.069248,-0.143822
sample_016,95,Standing,0.059766,-0.600759,-0.250041,0.005327,0.037287,0.207743
sample_016,96,Standing,-0.186758,-0.208328,-0.103415,0.005327,-0.02397,0.436793
sample_016,97,Standing,-0.121576,0.565419,-0.07851,-0.01598,0.0,0.420813
sample_016,98,Standing,-0.097311,0.916712,0.007786,-0.106535,-0.055931,0.375536
sample_016,99,Standing,-0.294934,1.221973,0.173488,-0.058594,-0.066584,0.074574
sample_017,0,Standing,-0.123238,0.379341,-0.286006,-0.098545,0.058594,-0.074574
sample_017,1,Standing,-0.123238,0.379341,-0.286006,-0.098545,0.058594,-0.074574
sample_017,2,Standing,-0.249547,0.541501,0.20842,-0.02397,0.175783,0.114525
sample_017,3,Standing,-0.272929,-0.158302,0.517183,-0.141159,0.042614,0.02397
sample_017,4,Standing,-0.272929,-0.158302,0.517183,-0.141159,0.042614,0.02397
sample_017,5,Standing,-0.247999,-0.482909,-0.138212,0.058594,0.005327,0.111862
sample_017,6,Standing,-0.247999,-0.482909,-0.138212,0.058594,0.005327,0.111862
sample_017,7,Standing,0.057938,0.887642,-0.138501,0.042614,0.069248,0.207743
sample_017,8,Standing,-0.414336,0.412205,-0.018105,0.029297,0.122515,0.290308
sample_017,9,Standing,-0.209641,0.238201,-0.011737,-0.00799,0.013317,0.284981
sample_017,10,Standing,-0.207963,0.608632,0.039953,-0.082565,0.0,0.218397
sample_017,11,Standing,-0.244664,0.615349,0.033657,-0.050604,0.0,0.037287
sample_017,12,Standing,-0.480659,0.35616,0.094923,-0.039951,0.029297,-0.079901
sample_017,13,Standing,-0.541445,0.135967,0.110783,-0.026634,-0.002663,-0.127842
sample_017,14,Standing,-0.170505,-0.229804,0.000472,-0.029297,-0.034624,-0.165129
sample_017,15,Standing,-0.163592,-0.275916,0.032276,0.061258,-0.055931,-0.117188
sample_017,16,Standing,-0.500759,-0.368113,0.15329,0.090555,-0.018644,-0.002663
sample_017,17,Standing,-0.383513,-0.205871,0.105346,0.125179,0.029297,0.074574
sample_017,18,Standing,-0.231258,0.376087,-0.017206,0.077238,0.005327,0.165129
sample_017,19,Standing,-0.317262,0.444019,-0.256239,0.010653,0.010653,0.149149
sample_017,20,Standing,-0.303213,0.545193,0.00599,-0.061258,-0.042614,0.103872
sample_017,21,Standing,-0.247581,0.393904,0.0132,-0.103872,0.00799,0.058594
sample_017,22,Standing,-0.224929,0.470922,0.018393,0.085228,0.018644,-0.061258
sample_017,23,Standing,-0.29169,0.282722,0.016318,0.034624,0.037287,-0.151812
sample_017,24,Standing,-0.368543,0.052801,0.017955,0.0,0.00799,-0.146486
sample_017,25,Standing,-0.493966,-0.145266,0.073788,0.018644,0.026634,-0.157139
sample_017,26,Standing,-0.538343,-0.397718,-0.010993,0.090555,-0.002663,-0.122515
sample_017,27,Standing,-0.197963,-0.582865,-0.026724,0.135832,-0.077238,0.127842
sample_017,28,Standing,-0.425296,-0.308323,-0.029038,0.157139,-0.079901,0.284981
sample_017,29,Standing,-0.112202,0.089188,-0.038791,0.231713,-0.069248,0.362219
sample_017,30,Standing,-0.096756,0.608637,0.081673,0.218397,-0.069248,0.391516
sample_017,31,Standing,0.009953,1.130326,-0.028117,-0.005327,-0.02397,0.189099
sample_017,32,Standing,-0.095304,1.011443,-0.216543,-0.055931,0.02397,-0.050604
sample_017,33,Standing,-0.349209,0.540284,-0.087217,-0.071911,0.002663,-0.186436
sample_017,34,Standing,-0.384541,0.107015,0.039638,-0.101208,0.018644,-0.271664
sample_017,35,Standing,-0.21834,-0.399119,0.077594,-0.125179,0.021307,-0.279654
sample_017,36,Standing,-0.56134,-0.521621,0.027824,-0.066584,0.055931,-0.165129
sample_017,37,Standing,-0.472509,-0.622883,0.058589,0.021307,0.029297,-0.055931
sample_017,38,Standing,-0.466006,-0.43351,-0.077224,0.018644,0.002663,0.119852
sample_017,39,Standing,-0.33316,-0.157569,-0.021484,0.109198,-0.01598,0.207743
sample_017,40,Standing,-0.33316,-0.157569,-0.021484,0.109198,-0.01598,0.207743
sample_017,41,Standing,-0.152759,0.219628,0.0338,0.143822,-0.021307,0.24503
sample_017,42,Standing,0.126049,0.829218,-0.076995,-0.039951,0.055931,0.165129
sample_017,43,Standing,0.126049,0.829218,-0.076995,-0.039951,0.055931,0.165129
sample_017,44,Standing,-0.222382,0.744644,-0.223875,-0.114525,0.045277,0.002663
sample_017,45,Standing,-0.300425,0.542931,-0.150952,-0.082565,0.058594,-0.167792
sample_017,46,Standing,-0.334084,0.053189,-0.079356,-0.095881,0.02397,-0.26101
sample_017,47,Standing,-0.229844,-0.314741,0.004236,-0.053267,-0.010653,-0.25302
sample_017,48,Standing,-0.284137,-0.495181,0.068562,-0.058594,-0.03196,-0.151812
sample_017,49,Standing,-0.259468,-0.537884,0.136357,0.058594,-0.02397,-0.037287
sample_017,50,Standing,-0.28933,-0.299048,0.114546,0.02397,0.005327,0.143822
sample_017,51,Standing,-0.017219,0.088843,-0.023091,0.018644,-0.010653,0.210406
sample_017,52,Standing,-0.275337,0.466743,-0.020099,-0.061258,-0.02397,0.24503
sample_017,53,Standing,-0.163792,0.640223,-0.027767,-0.029297,0.01598,0.093218
sample_017,54,Standing,-0.118462,0.391629,-0.067793,-0.050604,0.013317,0.0
sample_017,55,Standing,0.066911,0.309991,0.129397,-0.010653,0.042614,-0.058594
sample_017,56,Standing,-0.437651,0.494523,0.058812,-0.149149,0.125179,-0.095881
sample_017,57,Standing,-0.372138,0.038081,-0.165675,-0.127842,0.079901,-0.247694
sample_017,58,Standing,-0.399787,-0.261539,-0.043284,-0.151812,0.074574,-0.298298
sample_017,59,Standing,-0.494801,-0.603369,-0.094814,-0.071911,0.045277,-0.226387
sample_017,60,Standing,-0.320862,-0.606485,-0.157313,-0.005327,-0.039951,-0.03196
sample_017,61,Standing,-0.320542,-0.421508,-0.133061,-0.042614,-0.071911,0.146486
sample_017,62,Standing,-0.243667,0.002575,0.040184,0.069248,-0.135832,0.292971
sample_017,63,Standing,-0.176471,0.380869,0.106589,0.085228,-0.066584,0.22905
sample_017,64,Standing,-0.165394,0.480478,0.194109,0.058594,-0.055931,0.165129
sample_017,65,Standing,-0.262801,0.669076,0.059809,-0.005327,0.037287,0.039951
sample_017,66,Standing,-0.13506,0.513986,-0.035991,-0.079901,0.021307,-0.114525
sample_017,67,Standing,-0.13506,0.513986,-0.035991,-0.079901,0.021307,-0.114525
sample_017,68,Standing,-0.274737,-0.071738,-0.056577,-0.034624,0.037287,-0.22106
sample_017,69,Standing,-0.274737,-0.071738,-0.056577,-0.034624,0.037287,-0.22106
sample_017,70,Standing,-0.393796,-0.466964,0.019255,0.021307,0.045277,-0.157139
sample_017,71,Standing,-0.218647,-0.507724,-0.050807,0.005327,0.02397,-0.045277
sample_017,72,Standing,-0.358995,-0.248749,-0.071298,0.03196,-0.013317,0.181109
sample_017,73,Standing,-0.430887,0.179928,-0.068386,0.03196,0.010653,0.20508
sample_017,74,Standing,-0.299961,0.334116,-0.042306,0.095881,-0.01598,0.183773
sample_017,75,Standing,-0.335768,0.536682,-0.036914,0.00799,-0.02397,0.154476
sample_017,76,Standing,-0.244901,0.490272,0.013637,-0.034624,-0.047941,-0.021307
sample_017,77,Standing,-0.221669,0.29997,0.129173,-0.047941,0.0,-0.141159
sample_017,78,Standing,-0.289886,-0.074463,0.105985,-0.058594,0.058594,-0.183773
sample_017,79,Standing,-0.271927,-0.287833,0.017077,-0.047941,0.050604,-0.149149
sample_017,80,Standing,-0.322526,-0.398979,0.086749,0.0,0.055931,-0.071911
sample_017,81,Standing,-0.393257,-0.336811,-0.042474,-0.018644,0.079901,0.047941
sample_017,82,Standing,-0.204148,0.072253,-0.208996,-0.045277,0.021307,0.183773
sample_017,83,Standing,-0.204148,0.072253,-0.208996,-0.045277,0.021307,0.183773
sample_017,84,Standing,-0.334238,0.449028,-0.011911,-0.00799,-0.074574,0.053267
sample_017,85,Standing,-0.187027,0.412047,0.085791,-0.034624,-0.042614,-0.045277
sample_017,86,Standing,-0.303481,0.162089,0.143136,-0.077238,-0.010653,-0.103872
sample_017,87,Standing,-0.350969,-0.105505,0.084096,-0.093218,0.042614,-0.154476
sample_017,88,Standing,-0.188487,-0.253835,0.020186,-0.077238,0.037287,-0.106535
sample_017,89,Standing,-0.252127,-0.329019,-0.047095,-0.01598,0.002663,-0.03196
sample_017,90,Standing,-0.355216,-0.208895,-0.057242,0.010653,0.010653,0.063921
sample_017,91,Standing,-0.28292,-0.004326,-0.064467,0.029297,-0.002663,0.122515
sample_017,92,Standing,-0.22068,0.252904,0.061704,0.069248,-0.018644,0.125179
sample_017,93,Standing,-0.22068,0.252904,0.061704,0.069248,-0.018644,0.125179
sample_017,94,Standing,-0.348184,0.427164,-0.012385,-0.010653,0.0,0.047941
sample_017,95,Standing,-0.348184,0.427164,-0.012385,-0.010653,0.0,0.047941
sample_017,96,Standing,-0.23318,0.216595,0.117031,-0.018644,-0.010653,-0.117188
sample_017,97,Standing,-0.161667,-0.034599,0.067971,-0.00799,0.010653,-0.141159
sample_017,98,Standing,-0.161667,-0.034599,0.067971,-0.00799,0.010653,-0.141159
sample_017,99,Standing,-0.344005,-0.341859,0.072477,0.01598,0.053267,0.0
sample_018,0,Standing,-0.3573,-0.584885,-0.792751,0.074574,0.159802,0.02397
sample_018,1,Standing,-0.3573,-0.584885,-0.792751,0.074574,0.159802,0.02397
sample_018,2,Standing,-0.005055,0.295037,0.213664,-0.157139,-0.306288,1.230478
sample_018,3,Standing,0.188406,1.121559,0.940957,0.173119,-0.324931,0.972131
sample_018,4,Standing,-0.00555,1.499461,0.66087,0.242367,-0.074574,0.548655
sample_018,5,Standing,-0.375081,1.437084,0.265682,-0.399506,0.103872,0.106535
sample_018,6,Standing,-0.283544,0.361414,0.724509,0.026634,0.178446,-0.423476
sample_018,7,Standing,0.211903,0.142113,0.2593,-0.117188,0.242367,-0.809665
sample_018,8,Standing,0.025877,-1.121508,-0.080469,-0.527348,0.170456,-0.423476
sample_018,9,Standing,-0.362505,-1.250841,-0.30286,-0.684487,0.053267,0.02397
sample_018,10,Standing,-0.578785,-0.495261,0.108956,-0.133169,0.069248,0.03196
sample_018,11,Standing,-0.578785,-0.495261,0.108956,-0.133169,0.069248,0.03196
sample_018,12,Standing,-0.222815,0.191078,0.121504,-0.013317,-0.119852,0.263674
sample_018,13,Standing,0.002264,0.342765,0.404423,0.20508,-0.170456,0.165129
sample_018,14,Standing,0.002264,0.342765,0.404423,0.20508,-0.170456,0.165129
sample_018,15,Standing,-0.036933,0.582868,0.20964,-0.02397,-0.050604,0.199753
sample_018,16,Standing,-0.242005,0.657756,0.248313,0.133169,-0.013317,0.037287
sample_018,17,Standing,-0.022768,0.393203,0.205078,0.079901,-0.002663,-0.114525
sample_018,18,Standing,0.033525,0.146455,0.146642,0.066584,0.005327,-0.130505
sample_018,19,Standing,-0.118403,0.081993,0.057607,0.02397,0.034624,-0.045277
sample_018,20,Standing,-0.087369,0.157734,0.047746,0.029297,-0.00799,0.002663
sample_018,21,Standing,-0.075718,0.245332,0.073308,0.021307,0.005327,-0.026634
sample_018,22,Standing,-0.162595,0.400269,0.007809,-0.050604,-0.002663,0.042614
sample_018,23,Standing,0.006757,0.315909,0.171423,-0.002663,-0.053267,-0.02397
sample_018,24,Standing,-0.007088,0.002577,0.295357,0.029297,-0.026634,-0.045277
sample_018,25,Standing,-0.050074,0.043888,0.039096,-0.095881,0.03196,0.074574
sample_018,26,Standing,-0.122575,0.325197,0.01775,-0.013317,-0.002663,0.077238
sample_018,27,Standing,-0.139951,0.286748,-0.007916,0.0,0.0,0.013317
sample_018,28,Standing,-0.225719,0.248107,0.064201,-0.034624,-0.010653,0.050604
sample_018,29,Standing,-0.15599,0.230206,0.050342,-0.026634,-0.029297,0.02397
sample_018,30,Standing,-0.078872,0.140565,0.141068,0.005327,-0.010653,0.021307
sample_018,31,Standing,-0.210792,0.154087,0.152119,-0.021307,-0.021307,0.037287
sample_018,32,Standing,-0.158435,0.070799,0.248079,0.00799,0.00799,-0.01598
sample_018,33,Standing,-0.153832,0.121878,0.032166,-0.055931,0.026634,0.042614
sample_018,34,Standing,-0.142746,0.128038,0.060381,0.0,-0.010653,0.0
sample_018,35,Standing,-0.139839,0.056446,0.09166,0.029297,-0.005327,-0.01598
sample_018,36,Standing,0.004515,0.101358,0.034077,0.00799,-0.02397,0.047941
sample_018,37,Standing,-0.203208,0.24013,0.055447,0.021307,0.0,0.026634
sample_018,38,Standing,-0.073545,0.227407,0.110052,0.061258,-0.013317,0.005327
sample_018,39,Standing,-0.193343,0.209456,0.038693,0.021307,-0.01598,0.00799
sample_018,40,Standing,-0.16446,0.134975,0.072187,0.010653,-0.013317,-0.013317
sample_018,41,Standing,-0.153626,0.124411,0.031855,0.02397,0.005327,-0.010653
sample_018,42,Standing,-0.082524,0.086586,0.049617,-0.005327,-0.005327,0.00799
sample_018,43,Standing,-0.22291,0.093793,0.093627,0.047941,-0.002663,-0.002663
sample_018,44,Standing,-0.099052,0.055701,-0.038417,-0.03196,0.002663,0.039951
sample_018,45,Standing,-0.111554,0.154834,-0.004994,-0.00799,-0.026634,0.045277
sample_018,46,Standing,-0.148033,0.104988,0.20553,0.018644,-0.010653,0.034624
sample_018,47,Standing,-0.211418,0.203116,0.082104,-0.010653,0.03196,0.053267
sample_018,48,Standing,-0.211418,0.203116,0.082104,-0.010653,0.03196,0.053267
sample_018,49,Standing,-0.222309,0.154029,0.038977,-0.005327,0.01598,-0.02397
sample_018,50,Standing,-0.222309,0.154029,0.038977,-0.005327,0.01598,-0.02397
sample_018,51,Standing,-0.115207,-6.5e-05,-0.015324,0.00799,0.013317,-0.066584
sample_018,52,Standing,-0.053749,-0.073991,0.124476,0.058594,0.005327,-0.01598
sample_018,53,Standing,-0.207728,0.116407,-0.074498,0.005327,0.021307,0.034624
sample_018,54,Standing,-0.43624,0.209597,-0.088496,-0.005327,-0.002663,0.03196
sample_018,55,Standing,-0.283781,0.114232,0.10237,-0.01598,-0.002663,0.01598
sample_018,56,Standing,-0.281281,-0.318789,0.113204,0.069248,-0.029297,0.01598
sample_018,57,Standing,-0.065364,-0.12821,0.15395,0.066584,0.034624,0.058594
sample_018,58,Standing,-0.139124,0.310345,-0.067669,-0.01598,-0.063921,0.167792
sample_018,59,Standing,-0.082865,0.413101,-0.033018,0.042614,-0.047941,0.087891
sample_018,60,Standing,-0.095815,0.353364,-0.082376,-0.029297,-0.021307,0.005327
sample_018,61,Standing,-0.079236,0.391328,0.089856,-0.063921,-0.074574,-0.053267
sample_018,62,Standing,-0.193218,0.078087,0.186315,-0.026634,-0.010653,-0.138495
sample_018,63,Standing,-0.141062,-0.369627,0.219774,0.03196,0.013317,-0.165129
sample_018,64,Standing,-0.032606,-0.583384,0.074311,0.042614,0.045277,-0.029297
sample_018,65,Standing,-0.20488,-0.360963,-0.037024,0.005327,0.039951,0.157139
sample_018,66,Standing,-0.073502,0.196998,-0.158575,0.002663,-0.018644,0.223723
sample_018,67,Standing,-0.157331,0.567326,-0.126297,-0.013317,-0.063921,0.194426
sample_018,68,Standing,-0.261936,0.597933,-0.031847,0.0,-0.085228,0.037287
sample_018,69,Standing,-0.127153,0.21942,0.220103,-0.002663,-0.055931,-0.122515
sample_018,70,Standing,-0.077237,-0.175264,0.342991,0.074574,0.010653,-0.159802
sample_018,71,Standing,0.002076,-0.367746,0.061877,-0.03196,0.063921,-0.077238
sample_018,72,Standing,0.002076,-0.367746,0.061877,-0.03196,0.063921,-0.077238
sample_018,73,Standing,-0.259686,-0.102212,-0.169378,-0.053267,0.029297,0.090555
sample_018,74,Standing,-0.222965,0.137539,-0.126074,-0.005327,-0.02397,0.087891
sample_018,75,Standing,-0.225002,0.30489,0.143523,-0.029297,-0.050604,0.01598
sample_018,76,Standing,-0.225002,0.30489,0.143523,-0.029297,-0.050604,0.01598
sample_018,77,Standing,-0.035717,0.076987,0.064022,-0.063921,0.02397,-0.095881
sample_018,78,Standing,-0.035717,0.076987,0.064022,-0.063921,0.02397,-0.095881
sample_018,79,Standing,-0.205923,-0.239659,0.034639,0.0,-0.018644,-0.079901
sample_018,80,Standing,-0.128067,-0.36249,-0.008943,-0.01598,-0.013317,-0.01598
sample_018,81,Standing,-0.215574,-0.308607,0.112137,0.071911,-0.002663,0.063921
sample_018,82,Standing,-0.168657,-0.077948,0.230177,0.063921,0.010653,0.154476
sample_018,83,Standing,0.019847,0.153475,-0.073972,-0.002663,0.026634,0.181109
sample_018,84,Standing,-0.154046,0.410761,-0.19823,-0.053267,-0.00799,0.170456
sample_018,85,Standing,-0.118479,0.44377,-0.113713,0.082565,-0.045277,-0.013317
sample_018,86,Standing,-0.179392,0.147427,0.018234,0.066584,-0.047941,-0.077238
sample_018,87,Standing,-0.176324,-0.0622,0.071964,0.021307,-0.021307,-0.077238
sample_018,88,Standing,-0.105754,-0.131482,0.059122,0.058594,-0.002663,-0.058594
sample_018,89,Standing,-0.304426,-0.025627,0.03717,0.093218,0.005327,0.021307
sample_018,90,Standing,-0.188606,0.047532,-0.039412,0.029297,0.01598,0.058594
sample_018,91,Standing,-0.164594,0.061069,-0.077451,0.039951,-0.00799,0.042614
sample_018,92,Standing,-0.262403,0.175248,-0.012609,0.02397,-0.02397,0.045277
sample_018,93,Standing,-0.147262,0.086925,-0.012837,0.0,-0.018644,0.013317
sample_018,94,Standing,-0.090789,0.077088,0.02348,0.00799,-0.037287,0.002663
sample_018,95,Standing,-0.131495,0.019872,0.127541,0.021307,-0.00799,0.018644
sample_018,96,Standing,-0.227401,0.081473,-0.001277,-0.002663,0.01598,0.021307
sample_018,97,Standing,-0.077186,0.030411,0.020097,-0.00799,0.037287,0.010653
sample_018,98,Standing,-0.151137,-0.050431,-0.050165,-0.074574,0.01598,0.053267
sample_018,99,Standing,-0.074966,0.118589,0.003065,-0.018644,-0.005327,0.042614
sample_019,0,Walking,-0.071819,0.354963,0.275074,-1.033389,0.743081,-0.825646
sample_019,1,Walking,-0.071819,0.354963,0.275074,-1.033389,0.743081,-0.825646
sample_019,2,Walking,-0.360728,-2.704719,0.892838,0.066584,-0.271664,0.122515
sample_019,3,Walking,0.084804,-3.349246,0.010835,0.599259,-0.199753,0.556645
sample_019,4,Walking,0.33012,-1.123242,0.020116,0.66318,-0.279654,1.16123
sample_019,5,Walking,1.520388,0.162338,0.1273,0.226387,-0.942834,1.661945
sample_019,6,Walking,1.054803,2.719252,-0.197228,0.388852,-0.324931,1.566063
sample_019,7,Walking,1.054803,2.719252,-0.197228,0.388852,-0.324931,1.566063
sample_019,8,Walking,2.669287,4.71279,1.195036,-0.090555,0.484734,-0.002663
sample_019,9,Walking,2.669287,4.71279,1.195036,-0.090555,0.484734,-0.002663
sample_019,10,Walking,0.241248,3.671865,1.152836,0.143822,0.873586,-0.977458
sample_019,11,Walking,0.693219,2.67675,0.966633,-0.034624,0.484734,-1.496815
sample_019,12,Walking,0.596907,-1.044476,0.584552,0.095881,0.508704,-2.269193
sample_019,13,Walking,0.168322,-3.679206,0.544892,-0.101208,0.22106,-1.944262
sample_019,14,Walking,-0.963803,-5.1274,-0.360961,-0.346238,0.005327,-0.545991
sample_019,15,Walking,2.030609,-4.886562,-0.871288,-0.042614,-0.343575,0.428803
sample_019,16,Walking,-0.164152,-1.668332,-1.045528,0.673833,-0.620566,1.906975
sample_019,17,Walking,3.1221,1.463609,-0.712488,1.443548,-0.996101,2.596788
sample_019,18,Walking,3.078443,3.909837,-0.752894,1.238468,-0.45011,2.114718
sample_019,19,Walking,1.590735,5.477459,-0.63227,0.165129,-0.082565,1.861697
sample_019,20,Walking,1.245053,6.583079,0.146363,-0.298298,0.098545,0.68715
sample_019,21,Walking,4.770617,6.395728,0.362529,0.109198,0.431466,-1.11329
sample_019,22,Walking,1.283387,2.412671,0.21022,0.087891,0.388852,-2.287837
sample_019,23,Walking,1.510565,1.036018,0.469166,0.218397,0.175783,-2.183965
sample_019,24,Walking,0.657993,-4.03393,0.33135,-0.415486,0.24503,-2.418342
sample_019,25,Walking,0.210542,-5.177011,0.795423,-0.066584,0.03196,-1.5634
sample_019,26,Walking,-0.323116,-4.656974,-0.602457,0.002663,0.138495,0.133169
sample_019,27,Walking,2.100726,-3.873985,-1.696882,0.290308,0.050604,1.182537
sample_019,28,Walking,1.306844,0.646467,-1.444682,0.697804,-0.412823,2.679353
sample_019,29,Walking,3.337402,1.743307,-0.936443,0.974794,-0.740418,2.679353
sample_019,30,Walking,1.671548,4.505994,-1.411,-0.218397,0.069248,2.269193
sample_019,31,Walking,1.031239,5.639978,-0.830218,-0.42614,-0.071911,1.528776
sample_019,32,Walking,1.587938,6.284126,0.694052,-0.383526,0.146486,0.0
sample_019,33,Walking,1.587938,6.284126,0.694052,-0.383526,0.146486,0.0
sample_019,34,Walking,1.727741,0.786773,0.412401,-0.287644,0.370209,-2.49558
sample_019,35,Walking,1.224472,-1.726452,0.385732,-0.958814,0.500714,-2.285174
sample_019,36,Walking,1.224472,-1.726452,0.385732,-0.958814,0.500714,-2.285174
sample_019,37,Walking,-0.041959,-4.8924,-0.475122,-0.543328,0.540665,-1.869688
sample_019,38,Walking,-0.556788,-5.622796,-0.034666,-0.183773,0.130505,-0.870923
sample_019,39,Walking,0.627045,-5.483468,-0.892091,0.404833,-0.175783,0.167792
sample_019,40,Walking,2.160997,-4.52492,-1.528987,1.171884,0.01598,1.182537
sample_019,41,Walking,4.227433,0.383594,-1.181528,1.901648,-0.785695,3.054888
sample_019,42,Walking,4.64558,3.540721,-1.723942,1.070676,0.119852,3.19871
sample_019,43,Walking,2.441167,6.665066,-1.690925,-1.052032,0.218397,2.578145
sample_019,44,Walking,0.917247,6.787042,0.143781,-0.921527,-0.274327,1.454202
sample_019,45,Walking,0.996161,6.30686,1.649925,0.420813,-0.005327,-0.668507
sample_019,46,Walking,5.914561,4.907622,-0.448001,0.242367,0.22905,-2.543521
sample_019,47,Walking,2.079056,-0.563539,0.063169,0.005327,0.066584,-2.761917
sample_019,48,Walking,2.267154,-2.284463,0.775798,-0.65519,-0.047941,-2.157332
sample_019,49,Walking,-0.308235,-4.002618,0.298758,-1.544756,0.506041,-1.504805
sample_019,50,Walking,-0.840739,-4.790087,0.445095,-0.194426,0.21307,-0.807002
sample_019,51,Walking,-1.022169,-4.899806,-0.319818,-0.215733,0.178446,-0.055931
sample_019,52,Walking,2.987454,-3.842478,-1.278372,0.143822,-0.410159,0.783032
sample_019,53,Walking,-0.036289,-0.460367,-0.441196,1.046705,-0.495387,2.338441
sample_019,54,Walking,2.56056,2.116913,-1.1946,1.089319,-0.681823,2.799205
sample_019,55,Walking,2.034876,4.124985,-1.201687,1.206508,0.077238,1.906975
sample_019,56,Walking,0.718207,5.464165,-0.913708,-0.00799,0.026634,1.254448
sample_019,57,Walking,0.234332,5.945933,-0.259226,-0.322268,0.103872,0.415486
sample_019,58,Walking,1.203198,4.97835,0.00014,-0.242367,0.300961,-1.022735
sample_019,59,Walking,3.774588,0.797652,0.446009,-0.279654,0.194426,-2.492917
sample_019,60,Walking,3.774588,0.797652,0.446009,-0.279654,0.194426,-2.492917
sample_019,61,Walking,0.898081,-1.842825,0.990114,-0.953487,0.298298,-1.582043
sample_019,62,Walking,-0.783369,-3.962835,0.411749,-0.343575,0.274327,-1.028062
sample_019,63,Walking,-0.783369,-3.962835,0.411749,-0.343575,0.274327,-1.028062
sample_019,64,Walking,-1.057654,-3.865472,-0.093918,0.250357,0.093218,0.165129
sample_019,65,Walking,-1.057654,-3.865472,-0.093918,0.250357,0.093218,0.165129
sample_019,66,Walking,1.189106,-2.823108,-1.103621,0.183773,-0.519358,1.217161
sample_019,67,Walking,2.377179,-1.298733,-1.18543,0.41815,-0.559308,1.789786
sample_019,68,Walking,3.876137,1.290224,-1.276635,1.313043,-0.870923,2.269193
sample_019,69,Walking,1.838332,4.051337,-0.522697,0.910873,-0.567298,2.205272
sample_019,70,Walking,0.771687,5.442279,-0.30724,0.231713,-0.178446,1.118617
sample_019,71,Walking,0.185015,5.521275,-0.17722,-0.420813,-0.047941,0.101208
sample_019,72,Walking,1.673856,3.693975,0.362714,-0.095881,0.290308,-1.504805
sample_019,73,Walking,2.364064,1.665685,-0.105192,-0.886903,0.689814,-1.944262
sample_019,74,Walking,2.65243,-1.96161,-0.077074,-0.439456,0.804339,-2.205272
sample_019,75,Walking,0.776682,-3.824459,-0.333471,-1.020072,0.974794,-1.898985
sample_019,76,Walking,-0.965353,-4.430525,-0.619514,-0.407496,0.825646,-1.195854
sample_019,77,Walking,-1.65164,-4.629517,-0.221779,0.103872,0.053267,-0.186436
sample_019,78,Walking,-0.947556,-4.531491,-0.676527,0.263674,-0.133169,0.604586
sample_019,79,Walking,0.802671,-3.080154,-1.031561,0.748408,-0.564635,1.59536
sample_019,80,Walking,3.799607,-0.613978,-1.56106,0.490061,-0.964141,2.269193
sample_019,81,Walking,3.460727,2.466768,-0.658636,0.921527,-1.499479,2.572818
sample_019,82,Walking,1.631838,4.797683,0.333262,1.030725,-1.201181,1.760489
sample_019,83,Walking,0.663969,4.727952,0.932631,0.828309,-0.468754,-0.01598
sample_019,84,Walking,0.55455,3.723556,0.720372,-0.045277,0.167792,-0.825646
sample_019,85,Walking,1.317516,1.787315,-0.119911,-0.583279,0.700467,-1.608677
sample_019,86,Walking,1.911601,-0.436391,-0.986953,-0.980121,0.852279,-1.853707
sample_019,87,Walking,1.655985,-1.751811,-1.669745,-1.355657,0.817655,-1.443548
sample_019,88,Walking,0.831549,-2.067515,-1.311251,-0.807002,0.740418,-1.142587
sample_019,89,Walking,-0.759969,-3.489516,0.138654,-0.295634,0.506041,-1.070676
sample_019,90,Walking,-0.610214,-3.490464,0.625513,0.394179,0.420813,-0.495387
sample_019,91,Walking,-1.077815,-2.312396,-0.016979,-0.010653,0.396843,0.511368
sample_019,92,Walking,-0.930978,-1.744345,-0.041683,0.087891,-0.298298,0.836299
sample_019,93,Walking,-0.930978,-1.744345,-0.041683,0.087891,-0.298298,0.836299
sample_019,94,Walking,-0.668829,-1.070544,-0.076154,0.388852,-0.340912,1.115953
sample_019,95,Walking,0.644735,-0.509034,-1.671019,0.210406,-0.948161,1.717875
sample_019,96,Walking,1.251466,2.776207,-0.186459,0.870923,-1.598024,1.58737
sample_019,97,Walking,1.251466,2.776207,-0.186459,0.870923,-1.598024,1.58737
sample_019,98,Walking,0.991489,3.895162,0.530786,1.600687,-0.788358,0.532675
sample_019,99,Walking,0.413049,3.532764,0.447459,-0.170456,0.042614,-0.348902
sample_020,0,Walking,0.648833,-0.996722,-0.644136,-0.101208,0.055931,-0.03196
sample_020,1,Walking,0.648833,-0.996722,-0.644136,-0.101208,0.055931,-0.03196
sample_020,2,Walking,0.076985,-0.897264,0.970515,-0.407496,-0.157139,-0.343575
sample_020,3,Walking,-0.295492,-1.136712,-0.164896,-0.412823,0.087891,-0.308951
sample_020,4,Walking,-0.592993,-0.673471,0.252778,-0.135832,0.037287,-0.090555
sample_020,5,Walking,-0.328286,-0.580514,1.111926,-0.079901,-0.077238,-0.042614
sample_020,6,Walking,-0.424485,-1.627384,0.47463,0.157139,-0.111862,0.378199
sample_020,7,Walking,1.160181,-3.008565,0.2335,0.9162,-0.063921,0.729764
sample_020,8,Walking,1.382649,-0.930993,0.653072,1.217161,0.085228,1.542093
sample_020,9,Walking,2.229682,-0.950508,0.40287,0.364882,0.292971,2.25055
sample_020,10,Walking,3.141533,2.758785,-0.460936,0.226387,0.292971,2.434323
sample_020,11,Walking,1.628256,4.927353,-1.255512,-0.090555,0.22106,1.978886
sample_020,12,Walking,0.584992,6.728549,-1.588459,-0.660516,-0.002663,0.607249
sample_020,13,Walking,0.584992,6.728549,-1.588459,-0.660516,-0.002663,0.607249
sample_020,14,Walking,0.869617,5.903554,-1.271321,-0.47408,-0.085228,-1.022735
sample_020,15,Walking,4.425835,-0.509042,-0.976175,-1.025398,0.402169,-3.113483
sample_020,16,Walking,4.425835,-0.509042,-0.976175,-1.025398,0.402169,-3.113483
sample_020,17,Walking,4.046844,-2.819466,-1.572577,-1.297062,0.737754,-2.919056
sample_020,18,Walking,-0.894096,-5.229754,-0.281785,-0.506041,0.122515,-1.118617
sample_020,19,Walking,-0.894096,-5.229754,-0.281785,-0.506041,0.122515,-1.118617
sample_020,20,Walking,-1.154973,-5.735027,0.626797,0.029297,-0.055931,-0.282318
sample_020,21,Walking,0.009711,-4.819761,0.257706,0.061258,-0.21307,0.665843
sample_020,22,Walking,0.569905,-1.628919,0.983505,0.87625,-0.625893,1.640638
sample_020,23,Walking,1.963201,0.126008,0.185937,1.408924,-0.223723,1.827074
sample_020,24,Walking,1.623866,2.452419,-0.651203,0.780368,-0.231713,2.351758
sample_020,25,Walking,3.16388,3.467291,-0.670747,0.745744,-0.087891,2.167985
sample_020,26,Walking,1.752458,3.677113,-1.182303,-0.809665,-0.191763,1.78446
sample_020,27,Walking,0.624253,4.460312,-0.557219,0.00799,-0.383526,1.049369
sample_020,28,Walking,0.508751,4.877146,-0.458343,-0.274327,-0.223723,-0.274327
sample_020,29,Walking,1.063957,2.588979,-0.271947,-0.506041,0.186436,-1.257112
sample_020,30,Walking,1.384508,0.09249,-0.516802,-1.060022,0.580615,-1.619331
sample_020,31,Walking,1.080295,-0.842978,-0.645382,-0.956151,0.588605,-1.568726
sample_020,32,Walking,1.645935,-1.006223,-1.833037,-1.004091,1.163894,-1.518122
sample_020,33,Walking,0.55154,-2.232788,-0.684593,-0.340912,0.785695,-1.347667
sample_020,34,Walking,-0.836862,-1.628379,-0.34592,-0.039951,0.484734,-1.243795
sample_020,35,Walking,-0.81741,-2.608339,0.435308,0.125179,0.295634,-0.964141
sample_020,36,Walking,-1.137136,-3.179195,0.367789,0.074574,-0.063921,-0.207743
sample_020,37,Walking,-1.137136,-3.179195,0.367789,0.074574,-0.063921,-0.207743
sample_020,38,Walking,-0.767276,-1.323883,-0.103917,0.881576,-0.335585,0.945497
sample_020,39,Walking,-0.179611,0.335786,0.277417,1.363647,-0.607249,1.294399
sample_020,40,Walking,2.449396,0.966908,-0.407493,0.620566,-0.545991,1.539429
sample_020,41,Walking,1.66743,1.235313,-0.752796,0.799012,-0.463427,1.59536
sample_020,42,Walking,1.66743,1.235313,-0.752796,0.799012,-0.463427,1.59536
sample_020,43,Walking,1.146188,3.88869,-0.961294,0.071911,-0.071911,0.897557
sample_020,44,Walking,0.326991,3.694164,-0.929655,-0.471417,-0.186436,0.316941
sample_020,45,Walking,0.458335,2.698508,-0.243208,0.079901,-0.263674,-0.500714
sample_020,46,Walking,0.628074,1.179488,0.073539,-0.476744,0.119852,-1.091983
sample_020,47,Walking,0.628074,1.179488,0.073539,-0.476744,0.119852,-1.091983
sample_020,48,Walking,1.458962,-1.252036,0.087013,-0.010653,0.617902,-1.542093
sample_020,49,Walking,0.067084,-1.477353,-0.870549,-0.836299,0.649863,-1.033389
sample_020,50,Walking,0.067084,-1.477353,-0.870549,-0.836299,0.649863,-1.033389
sample_020,51,Walking,-0.591332,-1.968161,1.039619,0.367545,0.0,-1.091983
sample_020,52,Walking,-0.591332,-1.968161,1.039619,0.367545,0.0,-1.091983
sample_020,53,Walking,-0.81609,-3.429509,0.956839,0.282318,0.0,-0.44212
sample_020,54,Walking,-1.134492,-3.253014,0.898695,0.183773,-0.03196,0.154476
sample_020,55,Walking,-0.120427,-1.820738,-0.125451,0.636546,-0.154476,0.751071
sample_020,56,Walking,0.324274,-0.092552,-0.545156,0.743081,-0.452773,1.195854
sample_020,57,Walking,3.078075,0.958594,-0.835852,1.020072,-0.841626,1.416914
sample_020,58,Walking,1.170404,1.480214,-1.30484,1.033389,-0.548655,1.504805
sample_020,59,Walking,1.430415,3.102595,-1.341426,0.65519,-0.170456,1.238468
sample_020,60,Walking,0.490006,3.224113,-1.006335,-0.162466,-0.178446,0.870923
sample_020,61,Walking,0.193026,3.304261,-0.842609,-0.468754,-0.127842,0.138495
sample_020,62,Walking,0.135268,2.518279,-0.173024,-0.053267,-0.114525,-0.500714
sample_020,63,Walking,0.774517,1.143425,0.092821,-0.183773,0.175783,-0.980121
sample_020,64,Walking,1.379387,0.244818,0.080652,-0.226387,0.372872,-1.147914
sample_020,65,Walking,0.615356,-0.903204,-0.946403,-1.515459,0.854943,-0.873586
sample_020,66,Walking,-0.304136,-1.322807,-1.109648,-1.254448,0.692477,-0.868259
sample_020,67,Walking,-0.487883,-1.509101,0.007721,-0.335585,0.468754,-1.139924
sample_020,68,Walking,-0.980545,-3.437396,0.587864,-0.284981,0.133169,-0.868259
sample_020,69,Walking,-1.099127,-3.2553,0.395201,0.372872,0.085228,-0.279654
sample_020,70,Walking,-0.721833,-2.980691,-0.400551,0.905547,-0.215733,0.311615
sample_020,71,Walking,0.406535,-1.235842,-0.383876,1.081329,-0.567298,0.788358
sample_020,72,Walking,1.697267,0.07265,-1.010056,1.419578,-0.711121,1.15324
sample_020,73,Walking,1.728429,0.304706,-1.105387,1.57938,-0.657853,1.235805
sample_020,74,Walking,1.680453,1.790125,-1.152403,1.329023,-0.495387,1.392944
sample_020,75,Walking,1.176704,3.045477,-0.980065,0.737754,-0.106535,1.13726
sample_020,76,Walking,0.437665,3.96483,-0.946321,-0.48207,-0.149149,0.759061
sample_020,77,Walking,-0.026921,3.599259,-0.384363,-0.415486,-0.069248,-0.026634
sample_020,78,Walking,0.385851,1.766099,0.119895,-0.103872,0.093218,-0.940171
sample_020,79,Walking,0.392502,0.174535,0.299044,-0.388852,0.322268,-1.267765
sample_020,80,Walking,0.392502,0.174535,0.299044,-0.388852,0.322268,-1.267765
sample_020,81,Walking,1.626991,-0.631885,-0.114022,-0.684487,0.807002,-1.414251
sample_020,82,Walking,0.32301,-1.839187,-0.871721,-0.89223,0.759061,-1.278419
sample_020,83,Walking,-0.089681,-1.587466,-0.212197,0.239704,0.303624,-1.155904
sample_020,84,Walking,-0.750753,-2.904742,0.357123,-0.037287,-0.010653,-0.226387
sample_020,85,Walking,-0.750753,-2.904742,0.357123,-0.037287,-0.010653,-0.226387
sample_020,86,Walking,-1.104029,-2.231436,0.83795,0.479407,-0.19709,0.085228
sample_020,87,Walking,-0.19549,-1.887714,0.281904,0.732428,-0.146486,0.378199
sample_020,88,Walking,-0.19031,0.009343,-1.99687,0.588605,-0.271664,0.69514
sample_020,89,Walking,-0.13795,0.939722,0.099059,1.179874,-1.006755,0.90022
sample_020,90,Walking,0.28464,-0.215429,0.050828,1.257112,-0.593932,0.854943
sample_020,91,Walking,1.116096,0.728873,-0.792339,1.715212,-0.415486,0.838962
sample_020,92,Walking,0.384229,1.76194,-1.115731,1.214498,-0.191763,0.783032
sample_020,93,Walking,0.204278,2.488247,-1.330814,0.402169,-0.066584,0.538001
sample_020,94,Walking,-0.02522,2.298177,-1.014326,-0.463427,0.077238,0.01598
sample_020,95,Walking,0.003306,2.09418,-0.67379,-0.330258,0.077238,-0.399506
sample_020,96,Walking,0.463057,1.440038,-0.239165,-0.45011,0.170456,-0.820319
sample_020,97,Walking,0.969757,0.355625,-0.611993,-0.942834,0.484734,-1.12128
sample_020,98,Walking,0.191909,-0.758496,-1.141962,-1.060022,0.628556,-1.318369
sample_020,99,Walking,0.805618,-0.750379,-0.478014,-0.476744,0.242367,-1.310379
sample_021,0,Walking,-0.697643,-0.561693,-0.950458,-1.158567,0.727101,-1.376964
sample_021,1,Walking,-0.697643,-0.561693,-0.950458,-1.158567,0.727101,-1.376964
sample_021,2,Walking,-0.199924,-0.820724,1.146612,-0.479407,-0.410159,0.130505
sample_021,3,Walking,-0.424592,-1.01451,2.215659,-0.149149,-0.282318,0.189099
sample_021,4,Walking,-0.277881,-2.683653,0.346236,-0.002663,-0.300961,0.471417
sample_021,5,Walking,1.092497,-2.053126,0.492739,0.4581,-0.351565,0.833636
sample_021,6,Walking,0.337352,-1.257021,1.934319,0.681823,-0.037287,1.230478
sample_021,7,Walking,0.782398,1.658773,0.282682,0.575289,-0.010653,1.467518
sample_021,8,Walking,0.819968,3.411195,0.931845,0.258347,0.167792,0.998765
sample_021,9,Walking,2.200969,4.747445,0.27905,-0.711121,0.383526,0.380862
sample_021,10,Walking,-0.073919,3.996944,0.795881,0.159802,0.263674,-1.134597
sample_021,11,Walking,-0.073919,3.996944,0.795881,0.159802,0.263674,-1.134597
sample_021,12,Walking,0.669104,0.720746,0.831447,-0.407496,-0.034624,-1.888331
sample_021,13,Walking,0.669104,0.720746,0.831447,-0.407496,-0.034624,-1.888331
sample_021,14,Walking,-0.174694,-2.80171,1.485528,-0.005327,0.005327,-1.725865
sample_021,15,Walking,-1.005758,-4.512717,1.095128,-0.327595,-0.143822,-0.817655
sample_021,16,Walking,4.321427,-1.782117,-0.209562,0.476744,-0.356892,1.225151
sample_021,17,Walking,4.321427,-1.782117,-0.209562,0.476744,-0.356892,1.225151
sample_021,18,Walking,0.680105,-0.064636,-0.282129,0.961478,-0.111862,1.8324
sample_021,19,Walking,3.748891,1.88364,-0.827448,1.57139,-0.700467,2.612768
sample_021,20,Walking,2.756574,4.549696,-0.836867,0.569962,0.292971,1.896321
sample_021,21,Walking,0.937635,6.446741,-1.802106,-0.673833,0.271664,1.422241
sample_021,22,Walking,0.128171,6.547764,-0.798751,-0.492724,0.093218,0.223723
sample_021,23,Walking,4.046029,5.461779,-0.477922,0.01598,-0.202416,-1.760489
sample_021,24,Walking,3.138552,1.428778,0.218833,-0.897557,0.162466,-2.538194
sample_021,25,Walking,1.007278,-0.8945,0.428616,-1.12128,0.22106,-1.954915
sample_021,26,Walking,0.553134,-1.939149,0.78588,-1.030725,0.479407,-1.781796
sample_021,27,Walking,-1.242219,-4.348788,-0.019212,-0.234377,0.340912,-1.139924
sample_021,28,Walking,-0.668222,-4.223357,0.015547,-0.127842,-0.055931,-0.266337
sample_021,29,Walking,-0.777853,-2.659372,-0.42635,-0.111862,-0.138495,0.716447
sample_021,30,Walking,1.857566,-1.246891,-0.514053,0.415486,-0.303624,1.518122
sample_021,31,Walking,2.121561,0.964817,-0.864651,1.313043,-0.601922,2.125371
sample_021,32,Walking,2.679336,3.428905,-0.816724,1.688578,-0.26101,2.101401
sample_021,33,Walking,0.934098,6.121451,-1.347515,0.394179,0.125179,1.451538
sample_021,34,Walking,0.047952,5.828553,-1.06501,-0.303624,0.159802,-0.106535
sample_021,35,Walking,3.373526,4.661483,-0.513158,-0.26101,-0.165129,-1.198518
sample_021,36,Walking,2.408546,1.443869,0.211452,-0.356892,0.274327,-2.077431
sample_021,37,Walking,0.522694,-0.554676,0.316425,-0.70313,-0.03196,-1.523449
sample_021,38,Walking,-0.378783,-1.116308,0.782409,-0.511368,0.079901,-1.360983
sample_021,39,Walking,-1.020135,-3.186397,0.573617,-0.279654,0.069248,-0.791022
sample_021,40,Walking,-1.422849,-2.849882,0.587822,-0.346238,-0.002663,-0.292971
sample_021,41,Walking,-0.779518,-1.780162,0.466368,0.095881,-0.175783,0.399506
sample_021,42,Walking,-0.779518,-1.780162,0.466368,0.095881,-0.175783,0.399506
sample_021,43,Walking,-0.178611,0.059804,-0.059034,0.514031,-0.303624,1.062686
sample_021,44,Walking,-0.178611,0.059804,-0.059034,0.514031,-0.303624,1.062686
sample_021,45,Walking,0.672678,2.263544,-0.60973,0.444783,0.021307,1.195854
sample_021,46,Walking,0.672678,2.263544,-0.60973,0.444783,0.021307,1.195854
sample_021,47,Walking,-0.266131,2.969368,-0.614679,-0.316941,0.194426,0.713784
sample_021,48,Walking,-0.022198,3.261817,-0.340441,-0.074574,0.071911,0.215733
sample_021,49,Walking,2.622783,2.868618,0.418697,-0.149149,0.018644,-0.775041
sample_021,50,Walking,2.079965,1.791051,0.55572,-0.548655,0.178446,-1.198518
sample_021,51,Walking,0.499869,0.656799,0.033788,-0.263674,0.308951,-1.32636
sample_021,52,Walking,-0.008108,-1.442738,-0.267502,-0.90821,0.250357,-1.195854
sample_021,53,Walking,-0.981617,-2.494848,0.203465,-0.322268,0.021307,-0.996101
sample_021,54,Walking,-0.753877,-3.478306,0.391079,-0.039951,-0.093218,-0.65519
sample_021,55,Walking,-0.821098,-3.24655,0.576992,-0.085228,-0.215733,0.316941
sample_021,56,Walking,1.728583,-1.913972,0.206727,0.095881,-0.292971,0.799012
sample_021,57,Walking,1.373051,-0.751426,-0.70056,0.122515,-0.159802,1.174547
sample_021,58,Walking,1.313277,0.745117,-0.976699,1.12927,-0.479407,1.566063
sample_021,59,Walking,0.876037,1.714578,-0.928226,1.182537,-0.322268,1.507469
sample_021,60,Walking,0.419487,3.186431,-0.7497,0.255684,-0.109198,1.251785
sample_021,61,Walking,-0.359525,3.837673,-0.65915,-0.151812,0.026634,0.535338
sample_021,62,Walking,0.182795,3.619302,0.358662,0.250357,0.090555,-0.830972
sample_021,63,Walking,2.507815,1.998162,0.338493,-0.055931,0.218397,-1.747172
sample_021,64,Walking,1.611325,0.240276,0.175057,-0.753734,0.319605,-1.645964
sample_021,65,Walking,0.157459,-0.997908,-0.018196,-0.761725,0.420813,-1.331686
sample_021,66,Walking,-0.507293,-2.496721,-0.144018,-0.45011,0.26101,-1.155904
sample_021,67,Walking,-1.081545,-3.202418,0.470172,-0.034624,-0.170456,-0.572625
sample_021,68,Walking,-0.758739,-3.382106,0.838907,0.410159,-0.181109,-0.133169
sample_021,69,Walking,0.646735,-1.844551,0.364031,0.149149,-0.340912,0.966804
sample_021,70,Walking,0.128777,-0.395646,-0.405458,0.098545,-0.021307,1.339676
sample_021,71,Walking,1.273377,1.198757,-0.756063,0.407496,-0.311615,1.755163
sample_021,72,Walking,0.940248,1.795719,-0.76509,0.745744,-0.46609,1.395607
sample_021,73,Walking,0.940248,1.795719,-0.76509,0.745744,-0.46609,1.395607
sample_021,74,Walking,-0.24744,2.904393,-0.888766,-0.183773,0.223723,0.002663
sample_021,75,Walking,-0.24744,2.904393,-0.888766,-0.183773,0.223723,0.002663
sample_021,76,Walking,-0.256805,2.247593,-0.785596,-0.074574,0.098545,-0.644536
sample_021,77,Walking,1.110296,0.702779,0.265305,0.074574,-0.002663,-1.193191
sample_021,78,Walking,0.266392,-0.594674,1.079468,0.026634,-0.071911,-1.257112
sample_021,79,Walking,0.226918,-1.297439,0.632571,-0.266337,0.082565,-1.09731
sample_021,80,Walking,-0.874314,-1.37941,0.536842,-0.47408,0.399506,-0.660516
sample_021,81,Walking,-1.149666,-2.693468,0.122326,-0.247694,0.399506,-0.247694
sample_021,82,Walking,-0.610688,-2.931121,-0.127955,0.269001,-0.029297,0.394179
sample_021,83,Walking,-0.066822,-0.739959,-0.174186,1.201181,-0.370209,1.006755
sample_021,84,Walking,0.295325,0.422832,-0.21572,1.062686,-0.612576,1.267765
sample_021,85,Walking,-0.274812,1.598995,-0.798337,1.209171,-0.641873,0.945497
sample_021,86,Walking,0.141771,2.549044,-0.991522,1.081329,-0.793685,0.506041
sample_021,87,Walking,0.073441,3.51942,-0.629037,1.707222,-0.990775,-0.506041
sample_021,88,Walking,0.992962,1.407688,0.245542,1.57139,-0.756398,-1.499479
sample_021,89,Walking,0.754915,-1.18322,-0.005919,1.741846,-0.074574,-1.845717
sample_021,90,Walking,0.337602,-2.573355,0.060904,2.676689,0.295634,-1.379627
sample_021,91,Walking,-0.118958,-3.140144,-0.736408,1.246458,0.607249,-0.601922
sample_021,92,Walking,0.351981,-2.582695,-2.718994,1.299726,0.591269,0.46609
sample_021,93,Walking,0.524963,-1.116484,-2.252819,0.865596,0.077238,1.321033
sample_021,94,Walking,0.166454,2.295455,-0.835321,0.727101,-0.292971,1.789786
sample_021,95,Walking,1.475275,4.914747,0.859659,0.69514,0.218397,0.548655
sample_021,96,Walking,-0.689696,4.033065,0.109259,0.271664,0.284981,-0.191763
sample_021,97,Walking,-0.43609,3.227962,-0.131619,1.821747,-0.274327,-1.142587
sample_021,98,Walking,0.520123,-0.173106,2.063172,1.073339,-0.838962,-1.781796
sample_021,99,Walking,0.426016,-2.884886,2.8125,0.615239,-0.199753,-1.259775
sample_022,0,Walking,-0.647511,-0.111979,-0.739682,0.202416,0.165129,0.074574
sample_022,1,Walking,-0.647511,-0.111979,-0.739682,0.202416,0.165129,0.074574
sample_022,2,Walking,-0.156391,-0.159968,0.441646,-0.615239,0.00799,0.127842
sample_022,3,Walking,-0.821278,-2.562588,0.269299,0.122515,-0.173119,0.407496
sample_022,4,Walking,0.155385,-2.037382,-0.658101,0.319605,-0.332922,0.793685
sample_022,5,Walking,0.788476,-1.041242,-0.812935,1.086656,-0.316941,1.065349
sample_022,6,Walking,0.837563,-0.199299,0.016276,0.657853,-0.159802,1.699232
sample_022,7,Walking,0.837563,-0.199299,0.016276,0.657853,-0.159802,1.699232
sample_022,8,Walking,1.465082,4.169788,-0.378532,-0.447447,0.506041,0.751071
sample_022,9,Walking,1.972396,4.275059,-0.114252,-0.061258,0.468754,-0.380862
sample_022,10,Walking,0.031506,4.266666,0.127407,0.074574,0.271664,-1.259775
sample_022,11,Walking,0.465655,1.758814,0.205699,-0.066584,-0.159802,-1.914965
sample_022,12,Walking,1.080424,-1.858459,1.005594,0.114525,-0.114525,-2.333114
sample_022,13,Walking,-0.055573,-5.35043,1.47089,-0.223723,-0.074574,-1.515459
sample_022,14,Walking,-0.055573,-5.35043,1.47089,-0.223723,-0.074574,-1.515459
sample_022,15,Walking,-0.99305,-5.852324,0.998772,-0.127842,0.098545,-0.487397
sample_022,16,Walking,-0.236076,-5.239586,-0.366577,0.074574,0.175783,0.527348
sample_022,17,Walking,2.589749,-2.109108,-0.553893,0.732428,0.077238,2.082757
sample_022,18,Walking,4.350516,1.073849,-1.294874,0.657853,-0.311615,3.201374
sample_022,19,Walking,3.56564,5.015169,-1.955319,0.913537,0.479407,2.74061
sample_022,20,Walking,0.858249,6.082516,-1.770589,-1.091983,-0.181109,1.909638
sample_022,21,Walking,-0.238879,7.29166,0.183727,0.026634,-0.24503,0.644536
sample_022,22,Walking,0.940568,6.869672,0.614547,0.175783,0.034624,-1.14525
sample_022,23,Walking,6.107978,1.700055,0.047871,-0.133169,0.154476,-3.13479
sample_022,24,Walking,2.474194,-0.608278,-0.25617,-0.607249,0.255684,-2.753927
sample_022,25,Walking,0.822024,-3.294899,-0.137921,-1.339676,0.292971,-2.159995
sample_022,26,Walking,-0.484125,-6.154557,-0.352378,-0.88424,0.183773,-1.715212
sample_022,27,Walking,-0.955225,-6.763671,0.52802,0.165129,-0.093218,-0.583279
sample_022,28,Walking,0.375483,-4.484367,0.131141,0.292971,-0.133169,0.88424
sample_022,29,Walking,3.938551,-2.859764,-1.441207,0.964141,-0.223723,2.008183
sample_022,30,Walking,3.155385,0.202146,-1.034285,1.805767,-0.292971,2.668699
sample_022,31,Walking,4.265726,2.860693,-1.514296,0.817655,-0.388852,3.262631
sample_022,32,Walking,1.904453,5.858443,-1.982638,0.069248,0.516694,2.136025
sample_022,33,Walking,-0.230096,6.905451,-1.499664,-1.014745,0.093218,0.902883
sample_022,34,Walking,0.869032,6.756876,-0.310111,0.764388,-0.02397,-1.203844
sample_022,35,Walking,5.036377,5.147969,-0.801309,0.082565,0.186436,-2.799205
sample_022,36,Walking,4.51992,-0.545046,-0.356185,-0.599259,0.239704,-3.987069
sample_022,37,Walking,3.811814,-3.097156,-0.057326,-0.431466,0.034624,-3.273285
sample_022,38,Walking,1.977992,-6.509284,0.341333,-1.321033,-0.061258,-2.407689
sample_022,39,Walking,-1.111164,-8.117927,0.973709,0.146486,-0.154476,-0.575289
sample_022,40,Walking,-0.426891,-7.593039,0.280142,0.125179,0.087891,0.921527
sample_022,41,Walking,2.252027,-5.089964,-0.990874,0.250357,-0.364882,2.389045
sample_022,42,Walking,7.581589,1.31721,-1.09286,1.720539,-0.410159,3.816613
sample_022,43,Walking,4.354512,4.877759,-1.623583,1.118617,-0.01598,3.62485
sample_022,44,Walking,2.353241,7.284457,-2.255687,0.852279,0.215733,2.114718
sample_022,45,Walking,2.353241,7.284457,-2.255687,0.852279,0.215733,2.114718
sample_022,46,Walking,0.100461,5.208993,-1.644396,-0.743081,-0.21307,-1.1053
sample_022,47,Walking,0.100461,5.208993,-1.644396,-0.743081,-0.21307,-1.1053
sample_022,48,Walking,1.385485,1.855877,0.420051,-0.047941,0.021307,-2.042807
sample_022,49,Walking,2.550327,-0.381092,-0.104085,-1.158567,0.207743,-1.957579
sample_022,50,Walking,1.201694,-1.394565,0.155903,-1.102636,0.463427,-1.704558
sample_022,51,Walking,-0.348115,-2.607892,-0.338332,-0.897557,0.431466,-1.331686
sample_022,52,Walking,-0.712949,-3.224026,0.579168,-0.388852,0.298298,-1.038715
sample_022,53,Walking,-1.107348,-3.813803,0.323009,-0.047941,-0.119852,-0.22905
sample_022,54,Walking,-0.951753,-2.907971,0.214851,0.284981,-0.095881,0.351565
sample_022,55,Walking,-0.118282,-1.740901,-0.25919,0.615239,-0.492724,1.076003
sample_022,56,Walking,2.931057,-1.483471,-0.570118,0.577952,-0.380862,1.302389
sample_022,57,Walking,1.844184,1.693611,-0.632698,1.033389,-0.561972,1.733856
sample_022,58,Walking,2.208016,4.516392,-0.960651,1.185201,-0.037287,1.331686
sample_022,59,Walking,0.064951,5.186828,-0.980922,-0.351565,0.242367,0.583279
sample_022,60,Walking,0.121177,3.805106,-0.952668,0.037287,0.055931,-0.44212
sample_022,61,Walking,0.591508,2.595059,-0.498243,-0.282318,0.146486,-1.030725
sample_022,62,Walking,1.603709,0.808495,-0.315307,-0.569962,0.282318,-1.384954
sample_022,63,Walking,1.083258,-0.542498,0.35659,-0.857606,0.258347,-1.547419
sample_022,64,Walking,0.356899,-2.640677,0.244752,-0.519358,0.332922,-1.523449
sample_022,65,Walking,0.356899,-2.640677,0.244752,-0.519358,0.332922,-1.523449
sample_022,66,Walking,-0.919128,-5.041083,0.268182,-0.117188,0.053267,-0.332922
sample_022,67,Walking,-0.469703,-2.221125,0.27311,0.412823,-0.290308,0.918864
sample_022,68,Walking,-0.705623,-0.292643,0.002576,0.415486,-0.396843,1.251785
sample_022,69,Walking,2.131406,-0.002933,-0.609548,0.88424,-0.287644,1.12128
sample_022,70,Walking,1.153397,0.568069,-0.552466,0.596595,-0.567298,1.443548
sample_022,71,Walking,1.656241,1.860321,-0.469794,0.881576,-0.522021,1.345003
sample_022,72,Walking,0.153462,3.394431,-0.612104,-0.181109,0.165129,0.628556
sample_022,73,Walking,-0.517368,3.658947,-0.682009,-0.540665,0.258347,0.03196
sample_022,74,Walking,0.452125,2.639916,-0.483767,-0.404833,0.311615,-0.857606
sample_022,75,Walking,0.452125,2.639916,-0.483767,-0.404833,0.311615,-0.857606
sample_022,76,Walking,0.296718,-1.340784,-0.488647,-0.807002,0.631219,-1.491489
sample_022,77,Walking,0.296718,-1.340784,-0.488647,-0.807002,0.631219,-1.491489
sample_022,78,Walking,-0.740987,-3.587731,0.089234,-0.583279,0.194426,-0.519358
sample_022,79,Walking,-0.844143,-3.556764,0.093265,0.199753,-0.03196,-0.018644
sample_022,80,Walking,-0.844143,-3.556764,0.093265,0.199753,-0.03196,-0.018644
sample_022,81,Walking,-0.537643,-2.235907,0.517716,0.631219,-0.340912,0.820319
sample_022,82,Walking,0.009528,-0.367289,-0.23476,0.490061,-0.298298,1.09731
sample_022,83,Walking,1.275325,0.535015,-0.87282,0.87625,-0.348902,1.09731
sample_022,84,Walking,0.517498,1.497876,-0.764919,0.721774,-0.66318,1.33435
sample_022,85,Walking,1.025376,3.361449,-0.658335,0.452773,-0.055931,0.791022
sample_022,86,Walking,0.168334,3.509057,-0.866174,-0.367545,-0.207743,0.210406
sample_022,87,Walking,-0.028193,3.39878,0.365506,0.170456,-0.226387,-0.479407
sample_022,88,Walking,1.122655,2.102357,0.578391,-0.615239,0.306288,-1.123943
sample_022,89,Walking,2.213753,0.123979,-0.131072,-0.974794,0.724437,-1.57938
sample_022,90,Walking,0.414246,-1.479541,-0.210106,-0.410159,0.820319,-1.80843
sample_022,91,Walking,0.387208,-3.986257,-0.41234,-0.19709,0.644536,-1.57139
sample_022,92,Walking,-0.807649,-5.272739,-0.80186,-0.269001,0.388852,-0.543328
sample_022,93,Walking,-1.075194,-4.38263,-1.019784,0.524684,-0.159802,0.423476
sample_022,94,Walking,-0.527667,-2.680139,-0.885421,0.862933,-0.48207,1.15324
sample_022,95,Walking,2.955047,-0.312267,-1.101002,0.897557,-0.828309,1.877678
sample_022,96,Walking,1.763218,1.940304,-0.86432,0.700467,-0.921527,1.938935
sample_022,97,Walking,2.393665,3.873044,-0.650505,0.93218,-0.711121,1.60335
sample_022,98,Walking,0.507058,4.878553,-0.027739,0.037287,-0.282318,0.676497
sample_022,99,Walking,-0.208094,4.009547,0.090067,0.005327,0.0,-0.343575
sample_023,0,Walking,0.279069,-0.110199,0.142979,-0.026634,-0.010653,0.077238
sample_023,1,Walking,0.279069,-0.110199,0.142979,-0.026634,-0.010653,0.077238
sample_023,2,Walking,0.707552,-0.031651,0.919129,-0.631219,0.290308,0.122515
sample_023,3,Walking,-0.698897,0.107003,-0.401695,-0.274327,0.215733,0.250357
sample_023,4,Walking,-0.698897,0.107003,-0.401695,-0.274327,0.215733,0.250357
sample_023,5,Walking,0.07388,1.812989,-0.994305,-0.276991,-0.407496,-0.191763
sample_023,6,Walking,0.07388,1.812989,-0.994305,-0.276991,-0.407496,-0.191763
sample_023,7,Walking,0.254266,1.994047,-0.885455,-0.828309,-0.503377,-0.601922
sample_023,8,Walking,-0.047512,-0.693752,1.408776,-0.189099,-0.761725,-0.833636
sample_023,9,Walking,0.551017,-1.90888,1.722924,0.20508,-0.311615,-0.735091
sample_023,10,Walking,0.522072,-2.323079,1.133648,0.077238,0.20508,-0.181109
sample_023,11,Walking,0.365826,-3.148222,-0.490196,-0.066584,0.151812,0.735091
sample_023,12,Walking,0.740234,-2.143738,-0.506275,0.90821,0.612576,1.347667
sample_023,13,Walking,0.281884,-0.208538,-1.819347,0.889566,0.67117,1.685915
sample_023,14,Walking,-0.395438,3.50744,-2.057117,0.343575,0.564635,1.257112
sample_023,15,Walking,1.388632,5.833575,-2.279404,-1.717875,0.010653,-0.391516
sample_023,16,Walking,1.363393,3.134649,-0.401215,-1.797777,-0.372872,-1.795113
sample_023,17,Walking,1.955108,-1.772778,0.150681,-0.452773,-0.367545,-2.354421
sample_023,18,Walking,0.519568,-4.513199,1.091339,0.25302,-0.026634,-1.707222
sample_023,19,Walking,-1.194244,-4.148878,1.475231,0.996101,-0.215733,-0.44212
sample_023,20,Walking,-0.986358,-2.526169,0.6147,0.785695,0.058594,0.748408
sample_023,21,Walking,-0.310839,-0.692542,-0.206932,0.231713,0.151812,1.371637
sample_023,22,Walking,3.450642,0.771459,-0.800413,0.226387,-0.327595,1.598024
sample_023,23,Walking,1.982021,2.030814,-0.76357,0.905547,-0.226387,1.318369
sample_023,24,Walking,0.842455,4.352384,0.048653,0.46609,-0.199753,1.693905
sample_023,25,Walking,-0.737393,4.969202,-0.316007,-0.982784,0.093218,1.126607
sample_023,26,Walking,-0.634899,4.630098,-0.316399,-1.057359,-0.005327,0.226387
sample_023,27,Walking,1.44105,2.939351,-0.162251,-0.125179,0.396843,-1.363647
sample_023,28,Walking,3.955685,2.271998,-0.061238,-0.498051,0.351565,-1.875014
sample_023,29,Walking,3.955685,2.271998,-0.061238,-0.498051,0.351565,-1.875014
sample_023,30,Walking,1.894624,-1.124759,-0.430124,-1.036052,1.14525,-2.285174
sample_023,31,Walking,-1.574546,-3.43715,0.835929,0.41815,0.069248,-1.030725
sample_023,32,Walking,-1.66382,-3.823905,0.326617,-0.873586,-0.231713,0.063921
sample_023,33,Walking,0.213607,-3.049944,-1.24677,-1.102636,-0.412823,0.764388
sample_023,34,Walking,0.213607,-3.049944,-1.24677,-1.102636,-0.412823,0.764388
sample_023,35,Walking,1.718983,-2.392605,-1.050986,-0.189099,-0.748408,1.134597
sample_023,36,Walking,1.201396,0.703425,-0.365804,0.780368,-0.639209,1.989539
sample_023,37,Walking,1.114933,2.312645,-0.391871,0.809665,-1.025398,1.994866
sample_023,38,Walking,0.978166,3.544658,-0.564418,0.780368,-0.290308,1.502142
sample_023,39,Walking,0.693487,4.158143,0.156835,-0.127842,-0.079901,1.068012
sample_023,40,Walking,-0.407015,4.64866,0.672051,-0.279654,0.189099,0.170456
sample_023,41,Walking,2.452459,3.487113,-0.069088,0.26101,0.372872,-1.35832
sample_023,42,Walking,2.837525,0.777712,-0.128802,-0.162466,0.556645,-2.06145
sample_023,43,Walking,0.609827,-0.893949,-0.151983,-0.913537,0.522021,-1.781796
sample_023,44,Walking,-0.230513,-3.146871,-0.257381,-0.633883,0.43413,-1.629984
sample_023,45,Walking,-0.572635,-5.768374,-0.094119,0.242367,-0.013317,-1.171884
sample_023,46,Walking,-0.677361,-5.477877,-0.428794,0.514031,-0.298298,-0.287644
sample_023,47,Walking,0.760619,-3.099477,-1.961718,1.259775,-0.343575,0.386189
sample_023,48,Walking,0.625698,-0.446962,-4.199176,2.476937,-0.079901,0.817655
sample_023,49,Walking,1.075197,3.141926,-4.948337,3.82194,-0.711121,1.12128
sample_023,50,Walking,0.546398,3.280392,-5.887824,2.655382,-1.283746,0.897557
sample_023,51,Walking,1.37827,3.372553,-3.845762,2.650056,-1.701895,0.567298
sample_023,52,Walking,2.123285,2.268194,-1.323346,2.599452,-1.944262,0.532675
sample_023,53,Walking,0.753252,4.230286,1.019332,2.026827,-1.246458,0.181109
sample_023,54,Walking,0.749482,4.267305,1.792546,1.896321,-0.929517,-0.460763
sample_023,55,Walking,1.186761,3.815476,2.531714,1.616667,-0.20508,-1.515459
sample_023,56,Walking,2.901588,2.204431,1.871677,0.101208,-0.098545,-2.03748
sample_023,57,Walking,1.849186,-1.688904,1.945037,0.46609,0.25302,-2.588798
sample_023,58,Walking,0.427029,-4.205967,2.38022,1.1053,0.111862,-1.970896
sample_023,59,Walking,0.427029,-4.205967,2.38022,1.1053,0.111862,-1.970896
sample_023,60,Walking,-1.844933,-4.395214,-0.573912,0.082565,0.591269,0.01598
sample_023,61,Walking,-1.844933,-4.395214,-0.573912,0.082565,0.591269,0.01598
sample_023,62,Walking,-1.354121,-3.125338,-2.349759,0.215733,0.130505,1.110626
sample_023,63,Walking,4.889686,-2.247901,-3.477984,1.395607,-0.535338,1.643301
sample_023,64,Walking,4.05304,1.307036,-2.187193,1.574053,-1.307716,2.674026
sample_023,65,Walking,3.368997,3.19426,-1.273588,1.805767,-1.182537,2.884433
sample_023,66,Walking,1.589409,4.904571,-0.966213,0.649863,-0.636546,2.484927
sample_023,67,Walking,0.546774,6.728094,0.194348,0.266337,-0.101208,0.753734
sample_023,68,Walking,0.903363,6.17533,0.817901,0.404833,0.127842,-0.857606
sample_023,69,Walking,3.732713,2.745138,0.31636,-0.050604,0.175783,-1.880341
sample_023,70,Walking,2.028204,0.808524,0.548384,-0.002663,0.410159,-2.428996
sample_023,71,Walking,1.995375,-1.248111,0.185026,-0.980121,0.303624,-2.104064
sample_023,72,Walking,0.049557,-2.241159,0.203487,-1.427568,0.463427,-1.651291
sample_023,73,Walking,-0.648931,-5.151836,-0.207511,-0.410159,0.23704,-1.331686
sample_023,74,Walking,-1.32557,-4.830382,-0.155442,-0.058594,0.047941,-0.181109
sample_023,75,Walking,-1.38394,-4.576386,-0.346043,-0.098545,-0.284981,0.538001
sample_023,76,Walking,4.01067,-3.743338,-0.200658,0.756398,-0.708457,1.33435
sample_023,77,Walking,3.558312,-0.542048,-0.471323,1.091983,-0.490061,2.255877
sample_023,78,Walking,4.151639,0.483866,-0.963971,0.617902,-0.841626,2.602115
sample_023,79,Walking,1.896184,3.483387,-0.547978,0.519358,-0.269001,2.128035
sample_023,80,Walking,0.394202,5.849169,-0.15466,-0.324931,-0.263674,1.454202
sample_023,81,Walking,-0.68214,6.043458,0.613462,0.146486,0.0,-0.071911
sample_023,82,Walking,-0.256383,4.984791,0.508165,0.157139,0.223723,-1.624657
sample_023,83,Walking,4.493908,2.84911,-0.213972,0.506041,0.0,-3.022928
sample_023,84,Walking,4.685144,-1.412536,0.020389,-1.34234,0.279654,-3.326552
sample_023,85,Walking,2.302223,-4.7805,-0.310641,-0.519358,0.545991,-2.231906
sample_023,86,Walking,-0.412003,-6.261649,-0.230669,-1.169221,0.383526,-1.494152
sample_023,87,Walking,-0.412003,-6.261649,-0.230669,-1.169221,0.383526,-1.494152
sample_023,88,Walking,-0.852493,-4.591075,-0.244155,0.239704,0.117188,0.556645
sample_023,89,Walking,0.059873,-3.108805,-0.387635,0.825646,-0.372872,1.329023
sample_023,90,Walking,0.059873,-3.108805,-0.387635,0.825646,-0.372872,1.329023
sample_023,91,Walking,3.811533,1.202376,-1.520485,0.956151,-0.609912,2.799205
sample_023,92,Walking,3.811533,1.202376,-1.520485,0.956151,-0.609912,2.799205
sample_023,93,Walking,-0.019646,5.630007,-0.727383,-0.506041,-0.391516,1.640638
sample_023,94,Walking,-0.019646,5.630007,-0.727383,-0.506041,-0.391516,1.640638
sample_023,95,Walking,-0.254714,5.656571,0.099775,-0.247694,-0.101208,0.423476
sample_023,96,Walking,-0.046718,3.941606,0.998627,0.159802,-0.095881,-1.012082
sample_023,97,Walking,1.631407,-0.55742,0.566748,-0.548655,0.713784,-2.325124
sample_023,98,Walking,1.631407,-0.55742,0.566748,-0.548655,0.713784,-2.325124
sample_023,99,Walking,1.122589,-2.408135,0.015799,-0.330258,0.439456,-1.749836
sample_024,0,Walking,-0.185181,0.059288,0.25027,0.154476,0.167792,0.732428
sample_024,1,Walking,-0.185181,0.059288,0.25027,0.154476,0.167792,0.732428
sample_024,2,Walking,-1.319727,-1.194247,0.418052,0.047941,-0.215733,-0.050604
sample_024,3,Walking,-0.921034,-1.930862,1.943855,-0.018644,-0.375536,-0.061258
sample_024,4,Walking,-0.393262,-2.57544,0.86311,-0.151812,-0.300961,0.530011
sample_024,5,Walking,2.171592,-3.064478,0.041929,1.065349,-0.284981,0.964141
sample_024,6,Walking,1.906379,-0.794755,-0.119075,1.877678,0.250357,1.560736
sample_024,7,Walking,1.945874,1.546345,-0.551245,0.607249,0.455437,1.954915
sample_024,8,Walking,0.202186,3.965563,-2.054118,-0.074574,0.362219,1.302389
sample_024,9,Walking,0.057081,4.336023,-1.995119,-0.428803,0.292971,0.43413
sample_024,10,Walking,2.036152,3.688703,-0.797416,-0.530011,0.00799,-1.004091
sample_024,11,Walking,2.232369,2.234394,0.229999,-0.300961,-0.130505,-1.917628
sample_024,12,Walking,0.592406,0.028107,0.301734,-0.484734,0.135832,-2.136025
sample_024,13,Walking,0.413702,-2.290781,0.752228,-1.044042,-0.114525,-1.531439
sample_024,14,Walking,-0.959964,-2.945616,1.54083,-0.03196,-0.095881,-1.049369
sample_024,15,Walking,-1.839904,-3.678098,1.237282,-0.24503,-0.074574,-0.021307
sample_024,16,Walking,0.079297,-2.965736,0.468656,0.26101,-0.269001,0.607249
sample_024,17,Walking,1.135848,-2.188146,-0.291845,0.974794,-0.042614,1.257112
sample_024,18,Walking,2.058987,-0.076433,-0.895634,2.309144,0.23704,1.922955
sample_024,19,Walking,2.332989,1.386892,-1.830286,1.717875,0.599259,1.989539
sample_024,20,Walking,0.965041,3.151172,-3.196028,0.300961,0.878913,1.339676
sample_024,21,Walking,-0.038671,4.521003,-3.088342,-0.966804,0.45011,0.519358
sample_024,22,Walking,-0.038671,4.521003,-3.088342,-0.966804,0.45011,0.519358
sample_024,23,Walking,2.831207,2.486039,-0.494061,-1.123943,-0.380862,-1.773806
sample_024,24,Walking,2.862178,-0.556726,0.16132,-1.025398,-0.324931,-2.120045
sample_024,25,Walking,0.612656,-1.519576,0.81405,-0.575289,-0.071911,-1.877678
sample_024,26,Walking,-0.232411,-3.444601,0.78527,-0.977458,-0.021307,-1.406261
sample_024,27,Walking,-1.85839,-3.790083,1.229026,-0.311615,-0.063921,-0.652526
sample_024,28,Walking,-1.600712,-3.955271,1.101461,-0.050604,-0.162466,0.071911
sample_024,29,Walking,-1.600712,-3.955271,1.101461,-0.050604,-0.162466,0.071911
sample_024,30,Walking,1.520892,-3.001953,0.925935,0.22106,-0.223723,0.860269
sample_024,31,Walking,2.145817,-1.256477,-0.149245,0.170456,-0.013317,1.80044
sample_024,32,Walking,2.831214,0.610925,-0.919468,1.531439,0.119852,1.925618
sample_024,33,Walking,1.027367,2.605527,-2.248287,0.966804,0.596595,1.683252
sample_024,34,Walking,0.559046,3.894225,-2.277724,0.386189,0.460763,1.259775
sample_024,35,Walking,-0.053023,4.320001,-2.131565,-0.394179,0.117188,0.476744
sample_024,36,Walking,1.376187,4.067558,-1.176819,-0.183773,-0.274327,-1.001428
sample_024,37,Walking,2.000977,2.196199,-0.339194,-0.969468,-0.269001,-1.883004
sample_024,38,Walking,1.829936,-1.412067,0.092085,-0.90821,0.039951,-2.149342
sample_024,39,Walking,1.058361,-1.936447,0.419085,-1.233142,0.263674,-1.765816
sample_024,40,Walking,-0.540732,-4.18849,0.41135,-0.822982,0.173119,-1.494152
sample_024,41,Walking,-1.927455,-4.252198,0.812675,-0.20508,-0.034624,-0.42614
sample_024,42,Walking,-1.003842,-3.86557,0.514746,0.087891,-0.151812,0.21307
sample_024,43,Walking,1.244515,-2.775119,-0.221649,0.516694,-0.23704,1.166557
sample_024,44,Walking,2.699514,-1.557796,-1.314778,1.475509,-0.135832,1.880341
sample_024,45,Walking,2.002816,2.015517,-1.731643,1.981549,-0.026634,2.394372
sample_024,46,Walking,0.942442,3.683605,-2.149655,1.315706,0.247694,1.34234
sample_024,47,Walking,0.324841,4.163456,-2.620706,0.231713,0.391516,0.506041
sample_024,48,Walking,0.231426,3.739523,-2.174809,-0.607249,-0.02397,-0.207743
sample_024,49,Walking,1.726868,2.692139,-1.448494,-0.085228,-0.22106,-1.283746
sample_024,50,Walking,2.435244,0.733983,0.374481,-0.828309,-0.234377,-1.978886
sample_024,51,Walking,-0.375078,-2.278016,0.907238,-0.274327,-0.00799,-1.827074
sample_024,52,Walking,-0.246053,-3.453169,1.126817,-1.166557,0.114525,-1.022735
sample_024,53,Walking,-0.246053,-3.453169,1.126817,-1.166557,0.114525,-1.022735
sample_024,54,Walking,-1.112561,-3.511339,0.565774,0.034624,-0.127842,0.556645
sample_024,55,Walking,-0.84343,-1.876611,0.759011,0.514031,-0.22106,0.934844
sample_024,56,Walking,2.038406,-1.021288,0.20746,0.910873,-0.314278,1.177211
sample_024,57,Walking,1.42709,0.793337,-0.446271,1.099973,-0.141159,1.805767
sample_024,58,Walking,1.42709,0.793337,-0.446271,1.099973,-0.141159,1.805767
sample_024,59,Walking,0.515937,3.327612,-2.383912,0.114525,0.308951,1.028062
sample_024,60,Walking,0.515937,3.327612,-2.383912,0.114525,0.308951,1.028062
sample_024,61,Walking,0.268454,3.882579,-1.581302,-0.47408,-0.146486,-0.743081
sample_024,62,Walking,0.268454,3.882579,-1.581302,-0.47408,-0.146486,-0.743081
sample_024,63,Walking,1.693029,1.656578,-0.465263,0.095881,-0.269001,-1.883004
sample_024,64,Walking,1.944979,-0.927109,0.221139,-0.612576,-0.202416,-1.845717
sample_024,65,Walking,0.31148,-2.539765,0.9047,-1.347667,0.138495,-1.3743
sample_024,66,Walking,-0.162363,-3.4611,0.877139,-1.142587,0.359555,-1.099973
sample_024,67,Walking,-1.146325,-4.083376,0.891801,-0.194426,0.327595,-0.844289
sample_024,68,Walking,-1.151257,-3.599061,0.688166,0.24503,0.226387,0.034624
sample_024,69,Walking,-0.797298,-2.283679,-0.104501,0.665843,0.00799,0.881576
sample_024,70,Walking,-0.173193,-1.026367,-0.238725,0.822982,-0.181109,1.294399
sample_024,71,Walking,2.933236,-0.63454,-0.63846,1.115953,-0.503377,1.582043
sample_024,72,Walking,2.225966,0.996556,-0.999824,1.078666,-0.338248,2.064114
sample_024,73,Walking,1.174506,3.387427,-1.765434,0.231713,-0.077238,1.470182
sample_024,74,Walking,0.572853,4.536737,-2.037779,0.149149,0.034624,0.47408
sample_024,75,Walking,0.549777,3.692641,-1.464331,-0.00799,-0.066584,-0.631219
sample_024,76,Walking,0.834238,1.935946,-0.588506,-0.218397,-0.178446,-1.185201
sample_024,77,Walking,1.69961,0.366854,0.035756,-0.308951,0.018644,-1.661945
sample_024,78,Walking,0.691286,-1.010096,0.324015,-0.865596,0.135832,-1.499479
sample_024,79,Walking,0.34934,-2.204163,0.639506,-0.631219,0.22905,-1.270429
sample_024,80,Walking,-0.531689,-2.925705,0.6485,-0.548655,0.415486,-1.070676
sample_024,81,Walking,-1.537645,-3.2944,0.695097,0.226387,0.058594,-0.43413
sample_024,82,Walking,-0.969507,-2.936889,0.667037,0.255684,0.002663,0.103872
sample_024,83,Walking,-0.362054,-2.293057,0.229669,0.527348,-0.308951,0.90022
sample_024,84,Walking,-0.362054,-2.293057,0.229669,0.527348,-0.308951,0.90022
sample_024,85,Walking,1.508544,0.446116,-0.630768,0.868259,-0.311615,1.637974
sample_024,86,Walking,1.818565,1.487534,-0.761959,0.394179,-0.412823,1.890995
sample_024,87,Walking,0.851822,3.260256,-0.729728,-0.045277,-0.00799,1.275755
sample_024,88,Walking,0.52544,3.525271,-1.020772,-0.641873,0.087891,0.596595
sample_024,89,Walking,0.059427,3.803969,-0.614697,0.242367,0.034624,-0.404833
sample_024,90,Walking,0.059427,3.803969,-0.614697,0.242367,0.034624,-0.404833
sample_024,91,Walking,1.609365,0.461587,-0.359242,-0.021307,0.175783,-1.779133
sample_024,92,Walking,1.609365,0.461587,-0.359242,-0.021307,0.175783,-1.779133
sample_024,93,Walking,1.172855,-1.085202,-0.024994,-0.836299,0.23704,-1.765816
sample_024,94,Walking,0.237659,-3.287795,-0.077718,-1.185201,0.255684,-1.32636
sample_024,95,Walking,-0.464765,-3.340164,0.668373,-0.298298,0.292971,-1.12128
sample_024,96,Walking,-1.26937,-4.013459,0.604373,-0.284981,0.250357,-0.298298
sample_024,97,Walking,-1.051951,-3.027597,0.391306,0.055931,0.039951,0.287644
sample_024,98,Walking,-0.284252,-2.015142,0.130439,0.545991,-0.202416,0.894893
sample_024,99,Walking,0.953456,-0.873585,-0.156042,1.033389,-0.290308,1.241132
